FIPS,State,County,NDeath
45001,South Carolina,Abbeville,0
22001,Louisiana,Acadia,36
51001,Virginia,Accomack,14
16001,Idaho,Ada,23
19001,Iowa,Adair,0
21001,Kentucky,Adair,19
29001,Missouri,Adair,0
40001,Oklahoma,Adair,4
08001,Colorado,Adams,155
16003,Idaho,Adams,0
17001,Illinois,Adams,1
18001,Indiana,Adams,1
19003,Iowa,Adams,0
28001,Mississippi,Adams,18
31001,Nebraska,Adams,11
39001,Ohio,Adams,1
42001,Pennsylvania,Adams,12
53001,Washington,Adams,0
55001,Wisconsin,Adams,2
50001,Vermont,Addison,2
45003,South Carolina,Aiken,10
27001,Minnesota,Aitkin,0
12001,Florida,Alachua,12
37001,North Carolina,Alamance,37
06001,California,Alameda,135
08003,Colorado,Alamosa,3
36001,New York,Albany,121
56001,Wyoming,Albany,0
51003,Virginia,Albemarle,8
26001,Michigan,Alcona,1
28003,Mississippi,Alcorn,1
17003,Illinois,Alexander,0
37003,North Carolina,Alexander,1
51510,Virginia,Alexandria,57
40003,Oklahoma,Alfalfa,0
26003,Michigan,Alger,0
19005,Iowa,Allamakee,4
26005,Michigan,Allegan,7
24001,Maryland,Allegany,17
36003,New York,Allegany,0
37005,North Carolina,Alleghany,0
51005,Virginia,Alleghany,2
42003,Pennsylvania,Allegheny,183
18003,Indiana,Allen,110
20001,Kansas,Allen,0
21003,Kentucky,Allen,5
22003,Louisiana,Allen,10
39003,Ohio,Allen,38
45005,South Carolina,Allendale,3
26007,Michigan,Alpena,11
06003,California,Alpine,0
06005,California,Amador,0
51007,Virginia,Amelia,1
51009,Virginia,Amherst,0
28005,Mississippi,Amite,2
02020,Alaska,Anchorage,6
20003,Kansas,Anderson,0
21005,Kentucky,Anderson,1
45007,South Carolina,Anderson,11
47001,Tennessee,Anderson,2
48001,Texas,Anderson,2
29003,Missouri,Andrew,0
48003,Texas,Andrews,0
23001,Maine,Androscoggin,4
48005,Texas,Angelina,6
24003,Maryland,Anne Arundel,207
27003,Minnesota,Anoka,107
37007,North Carolina,Anson,2
31003,Nebraska,Antelope,1
26009,Michigan,Antrim,0
04001,Arizona,Apache,86
19007,Iowa,Appanoose,3
13001,Georgia,Appling,14
51011,Virginia,Appomattox,0
48007,Texas,Aransas,0
08005,Colorado,Arapahoe,344
48009,Texas,Archer,0
08007,Colorado,Archuleta,0
26011,Michigan,Arenac,2
05001,Arkansas,Arkansas,0
51013,Virginia,Arlington,132
42005,Pennsylvania,Armstrong,6
48011,Texas,Armstrong,0
23003,Maine,Aroostook,1
31005,Nebraska,Arthur,0
22005,Louisiana,Ascension,58
37009,North Carolina,Ashe,1
39005,Ohio,Ashland,1
55003,Wisconsin,Ashland,0
05003,Arkansas,Ashley,1
39007,Ohio,Ashtabula,43
53003,Washington,Asotin,2
22007,Louisiana,Assumption,14
48013,Texas,Atascosa,2
20005,Kansas,Atchison,0
29005,Missouri,Atchison,0
39009,Ohio,Athens,1
13003,Georgia,Atkinson,2
34001,New Jersey,Atlantic,216
40005,Oklahoma,Atoka,0
28007,Mississippi,Attala,23
29007,Missouri,Audrain,1
19009,Iowa,Audubon,1
39011,Ohio,Auglaize,3
51015,Virginia,Augusta,2
46003,South Dakota,Aurora,0
48015,Texas,Austin,0
01001,Alabama,Autauga,11
37011,North Carolina,Avery,0
22009,Louisiana,Avoyelles,13
08009,Colorado,Baca,0
13005,Georgia,Bacon,4
48017,Texas,Bailey,1
12003,Florida,Baker,4
13007,Georgia,Baker,3
41001,Oregon,Baker,0
01003,Alabama,Baldwin,9
13009,Georgia,Baldwin,34
21007,Kentucky,Ballard,0
24005,Maryland,Baltimore,473
24510,Maryland,Baltimore City,337
45009,South Carolina,Bamberg,1
48019,Texas,Bandera,0
13011,Georgia,Banks,0
31007,Nebraska,Banner,0
16005,Idaho,Bannock,1
26013,Michigan,Baraga,0
20007,Kansas,Barber,0
01005,Alabama,Barbour,1
54001,West Virginia,Barbour,1
38003,North Dakota,Barnes,0
25001,Massachusetts,Barnstable,144
45011,South Carolina,Barnwell,1
21009,Kentucky,Barren,2
55005,Wisconsin,Barron,1
13013,Georgia,Barrow,25
26015,Michigan,Barry,2
29009,Missouri,Barry,0
18005,Indiana,Bartholomew,44
20009,Kansas,Barton,2
29011,Missouri,Barton,0
13015,Georgia,Bartow,42
48021,Texas,Bastrop,6
29013,Missouri,Bates,1
21011,Kentucky,Bath,1
51017,Virginia,Bath,0
05005,Arkansas,Baxter,0
12005,Florida,Bay,4
26017,Michigan,Bay,30
55007,Wisconsin,Bayfield,1
48023,Texas,Baylor,0
46005,South Dakota,Beadle,6
16007,Idaho,Bear Lake,0
   NA,Utah,Bear River,2
37013,North Carolina,Beaufort,0
45013,South Carolina,Beaufort,18
22011,Louisiana,Beauregard,8
40007,Oklahoma,Beaver,0
42007,Pennsylvania,Beaver,78
30001,Montana,Beaverhead,0
27005,Minnesota,Becker,0
40009,Oklahoma,Beckham,0
42009,Pennsylvania,Bedford,3
47003,Tennessee,Bedford,5
51019,Virginia,Bedford,3
48025,Texas,Bee,0
33001,New Hampshire,Belknap,1
21013,Kentucky,Bell,0
48027,Texas,Bell,13
39013,Ohio,Belmont,21
27007,Minnesota,Beltrami,0
13017,Georgia,Ben Hill,1
16009,Idaho,Benewah,0
46007,South Dakota,Bennett,0
50003,Vermont,Bennington,1
38005,North Dakota,Benson,0
08011,Colorado,Bent,0
05007,Arkansas,Benton,18
18007,Indiana,Benton,0
19011,Iowa,Benton,1
27009,Minnesota,Benton,3
28009,Mississippi,Benton,0
29015,Missouri,Benton,0
41003,Oregon,Benton,5
47005,Tennessee,Benton,1
53005,Washington,Benton,82
26019,Michigan,Benzie,0
34003,New Jersey,Bergen,1989
45015,South Carolina,Berkeley,22
54003,West Virginia,Berkeley,10
42011,Pennsylvania,Berks,351
25003,Massachusetts,Berkshire,44
35001,New Mexico,Bernalillo,85
13019,Georgia,Berrien,0
26021,Michigan,Berrien,60
37015,North Carolina,Bertie,4
02050,Alaska,Bethel,0
48029,Texas,Bexar,109
01007,Alabama,Bibb,1
13021,Georgia,Bibb,39
22013,Louisiana,Bienville,26
30003,Montana,Big Horn,3
56003,Wyoming,Big Horn,0
27011,Minnesota,Big Stone,0
38007,North Dakota,Billings,0
16011,Idaho,Bingham,0
19013,Iowa,Black Hawk,57
18009,Indiana,Blackford,2
37017,North Carolina,Bladen,3
16013,Idaho,Blaine,5
31009,Nebraska,Blaine,0
40011,Oklahoma,Blaine,0
42013,Pennsylvania,Blair,1
48031,Texas,Blanco,1
51021,Virginia,Bland,0
13023,Georgia,Bleckley,1
47007,Tennessee,Bledsoe,1
01009,Alabama,Blount,1
47009,Tennessee,Blount,3
27013,Minnesota,Blue Earth,2
16015,Idaho,Boise,0
28011,Mississippi,Bolivar,13
29017,Missouri,Bollinger,0
46009,South Dakota,Bon Homme,0
17005,Illinois,Bond,1
16017,Idaho,Bonner,0
16019,Idaho,Bonneville,1
05009,Arkansas,Boone,1
17007,Illinois,Boone,21
18011,Indiana,Boone,42
19015,Iowa,Boone,1
21015,Kentucky,Boone,23
29019,Missouri,Boone,2
31011,Nebraska,Boone,0
54005,West Virginia,Boone,0
48035,Texas,Bosque,0
22015,Louisiana,Bossier,30
51023,Virginia,Botetourt,4
38009,North Dakota,Bottineau,0
08013,Colorado,Boulder,72
16021,Idaho,Boundary,0
20011,Kansas,Bourbon,1
21017,Kentucky,Bourbon,1
48037,Texas,Bowie,13
38011,North Dakota,Bowman,0
31013,Nebraska,Box Butte,0
21019,Kentucky,Boyd,3
31015,Nebraska,Boyd,0
21021,Kentucky,Boyle,0
21023,Kentucky,Bracken,0
12007,Florida,Bradford,2
42015,Pennsylvania,Bradford,3
05011,Arkansas,Bradley,2
47011,Tennessee,Bradley,3
26023,Michigan,Branch,2
13025,Georgia,Brantley,2
54007,West Virginia,Braxton,0
48039,Texas,Brazoria,21
48041,Texas,Brazos,29
21025,Kentucky,Breathitt,0
21027,Kentucky,Breckinridge,2
19017,Iowa,Bremer,6
12009,Florida,Brevard,17
48043,Texas,Brewster,1
48045,Texas,Briscoe,0
25005,Massachusetts,Bristol,574
44001,Rhode Island,Bristol,0
51520,Virginia,Bristol,0
30007,Montana,Broadwater,0
54009,West Virginia,Brooke,0
46011,South Dakota,Brookings,0
13027,Georgia,Brooks,11
48047,Texas,Brooks,0
36007,New York,Broome,58
08014,Colorado,Broomfield,30
12011,Florida,Broward,383
17009,Illinois,Brown,0
18013,Indiana,Brown,1
20013,Kansas,Brown,0
27015,Minnesota,Brown,2
31017,Nebraska,Brown,0
39015,Ohio,Brown,1
46013,South Dakota,Brown,2
48049,Texas,Brown,10
55009,Wisconsin,Brown,42
46015,South Dakota,Brule,0
37019,North Carolina,Brunswick,5
51025,Virginia,Brunswick,1
13029,Georgia,Bryan,5
40013,Oklahoma,Bryan,1
19019,Iowa,Buchanan,1
29021,Missouri,Buchanan,3
51027,Virginia,Buchanan,0
51029,Virginia,Buckingham,4
42017,Pennsylvania,Bucks,564
19021,Iowa,Buena Vista,11
51530,Virginia,Buena Vista,0
31019,Nebraska,Buffalo,1
46017,South Dakota,Buffalo,1
55011,Wisconsin,Buffalo,2
21029,Kentucky,Bullitt,4
13031,Georgia,Bulloch,4
01011,Alabama,Bullock,9
37021,North Carolina,Buncombe,40
17011,Illinois,Bureau,2
13033,Georgia,Burke,7
37023,North Carolina,Burke,20
38013,North Dakota,Burke,0
38015,North Dakota,Burleigh,0
48051,Texas,Burleson,0
34005,New Jersey,Burlington,424
48053,Texas,Burnet,3
55013,Wisconsin,Burnett,1
31021,Nebraska,Burt,0
01013,Alabama,Butler,27
19023,Iowa,Butler,2
20015,Kansas,Butler,0
21031,Kentucky,Butler,14
29023,Missouri,Butler,0
31023,Nebraska,Butler,0
39017,Ohio,Butler,44
42019,Pennsylvania,Butler,13
06007,California,Butte,2
46019,South Dakota,Butte,0
13035,Georgia,Butts,33
37025,North Carolina,Cabarrus,32
54011,West Virginia,Cabell,0
22017,Louisiana,Caddo,235
40015,Oklahoma,Caddo,11
06009,California,Calaveras,0
22019,Louisiana,Calcasieu,59
21033,Kentucky,Caldwell,0
22021,Louisiana,Caldwell,1
29025,Missouri,Caldwell,0
37027,North Carolina,Caldwell,4
48055,Texas,Caldwell,2
50005,Vermont,Caledonia,0
01015,Alabama,Calhoun,5
12013,Florida,Calhoun,6
13037,Georgia,Calhoun,5
17013,Illinois,Calhoun,0
19025,Iowa,Calhoun,2
26025,Michigan,Calhoun,33
28013,Mississippi,Calhoun,4
45017,South Carolina,Calhoun,1
48057,Texas,Calhoun,3
54013,West Virginia,Calhoun,0
48059,Texas,Callahan,2
29027,Missouri,Callaway,1
21035,Kentucky,Calloway,1
55015,Wisconsin,Calumet,2
24009,Maryland,Calvert,27
16025,Idaho,Camas,0
42021,Pennsylvania,Cambria,3
13039,Georgia,Camden,2
29029,Missouri,Camden,1
34007,New Jersey,Camden,489
37029,North Carolina,Camden,0
22023,Louisiana,Cameron,0
42023,Pennsylvania,Cameron,0
48061,Texas,Cameron,55
48063,Texas,Camp,1
21037,Kentucky,Campbell,13
47013,Tennessee,Campbell,1
51031,Virginia,Campbell,1
56005,Wyoming,Campbell,0
40017,Oklahoma,Canadian,3
13043,Georgia,Candler,0
47015,Tennessee,Cannon,0
16027,Idaho,Canyon,6
29031,Missouri,Cape Girardeau,3
34009,New Jersey,Cape May,73
30009,Montana,Carbon,0
42025,Pennsylvania,Carbon,26
56007,Wyoming,Carbon,0
16029,Idaho,Caribou,0
21039,Kentucky,Carlisle,1
27017,Minnesota,Carlton,0
24011,Maryland,Caroline,3
51033,Virginia,Caroline,4
05015,Arkansas,Carroll,5
13045,Georgia,Carroll,39
17015,Illinois,Carroll,2
18015,Indiana,Carroll,2
19027,Iowa,Carroll,1
21041,Kentucky,Carroll,0
24013,Maryland,Carroll,112
28015,Mississippi,Carroll,11
29033,Missouri,Carroll,0
33003,New Hampshire,Carroll,0
39019,Ohio,Carroll,3
47017,Tennessee,Carroll,1
51035,Virginia,Carroll,8
48065,Texas,Carson,0
32510,Nevada,Carson City,5
21043,Kentucky,Carter,0
29035,Missouri,Carter,1
40019,Oklahoma,Carter,1
47019,Tennessee,Carter,1
37031,North Carolina,Carteret,3
27019,Minnesota,Carver,1
30013,Montana,Cascade,2
21045,Kentucky,Casey,0
17017,Illinois,Cass,2
18017,Indiana,Cass,9
19029,Iowa,Cass,0
26027,Michigan,Cass,5
27021,Minnesota,Cass,2
29037,Missouri,Cass,8
31025,Nebraska,Cass,1
38017,North Dakota,Cass,66
48067,Texas,Cass,2
16031,Idaho,Cassia,1
48069,Texas,Castro,1
37033,North Carolina,Caswell,1
22025,Louisiana,Catahoula,3
37035,North Carolina,Catawba,14
13047,Georgia,Catoosa,8
35003,New Mexico,Catron,1
36009,New York,Cattaraugus,6
38019,North Dakota,Cavalier,0
36011,New York,Cayuga,2
24015,Maryland,Cecil,29
19031,Iowa,Cedar,1
29039,Missouri,Cedar,0
31027,Nebraska,Cedar,0
   NA,Utah,Central Utah,0
42027,Pennsylvania,Centre,7
19033,Iowa,Cerro Gordo,1
08015,Colorado,Chaffee,19
01017,Alabama,Chambers,27
48071,Texas,Chambers,2
17019,Illinois,Champaign,12
39021,Ohio,Champaign,1
29041,Missouri,Chariton,0
24017,Maryland,Charles,86
51036,Virginia,Charles City,3
46023,South Dakota,Charles Mix,0
45019,South Carolina,Charleston,26
26029,Michigan,Charlevoix,2
12015,Florida,Charlotte,76
51037,Virginia,Charlotte,0
51540,Virginia,Charlottesville,3
13049,Georgia,Charlton,2
20017,Kansas,Chase,0
31029,Nebraska,Chase,0
13051,Georgia,Chatham,37
37037,North Carolina,Chatham,43
13053,Georgia,Chattahoochee,0
13055,Georgia,Chattooga,2
20019,Kansas,Chautauqua,0
36013,New York,Chautauqua,7
35005,New Mexico,Chaves,2
47021,Tennessee,Cheatham,1
26031,Michigan,Cheboygan,2
53007,Washington,Chelan,6
36015,New York,Chemung,2
36017,New York,Chenango,5
01019,Alabama,Cherokee,7
13057,Georgia,Cherokee,43
19035,Iowa,Cherokee,0
20021,Kansas,Cherokee,0
37039,North Carolina,Cherokee,1
40021,Oklahoma,Cherokee,1
45021,South Carolina,Cherokee,7
48073,Texas,Cherokee,2
31031,Nebraska,Cherry,0
51550,Virginia,Chesapeake,20
33005,New Hampshire,Cheshire,2
42029,Pennsylvania,Chester,323
45023,South Carolina,Chester,1
47023,Tennessee,Chester,0
45025,South Carolina,Chesterfield,14
51041,Virginia,Chesterfield,50
08017,Colorado,Cheyenne,0
20023,Kansas,Cheyenne,0
31033,Nebraska,Cheyenne,0
19037,Iowa,Chickasaw,0
28017,Mississippi,Chickasaw,18
05017,Arkansas,Chicot,3
48075,Texas,Childress,0
01021,Alabama,Chilton,2
26033,Michigan,Chippewa,0
27023,Minnesota,Chippewa,1
55017,Wisconsin,Chippewa,0
27025,Minnesota,Chisago,1
50007,Vermont,Chittenden,39
01023,Alabama,Choctaw,12
28019,Mississippi,Choctaw,4
40023,Oklahoma,Choctaw,1
37041,North Carolina,Chowan,0
17021,Illinois,Christian,4
21047,Kentucky,Christian,4
29043,Missouri,Christian,0
32001,Nevada,Churchill,1
35006,New Mexico,Cibola,14
40025,Oklahoma,Cimarron,0
12017,Florida,Citrus,13
41005,Oregon,Clackamas,24
22027,Louisiana,Claiborne,11
28021,Mississippi,Claiborne,10
47025,Tennessee,Claiborne,0
53009,Washington,Clallam,0
26035,Michigan,Clare,3
45027,South Carolina,Clarendon,42
42031,Pennsylvania,Clarion,2
05019,Arkansas,Clark,0
17023,Illinois,Clark,0
18019,Indiana,Clark,44
20025,Kansas,Clark,1
21049,Kentucky,Clark,5
29045,Missouri,Clark,0
32003,Nevada,Clark,416
39023,Ohio,Clark,8
46025,South Dakota,Clark,0
53011,Washington,Clark,30
55019,Wisconsin,Clark,6
01025,Alabama,Clarke,5
13059,Georgia,Clarke,15
19039,Iowa,Clarke,2
28023,Mississippi,Clarke,24
51043,Virginia,Clarke,0
41007,Oregon,Clatsop,0
01027,Alabama,Clay,2
05021,Arkansas,Clay,3
12019,Florida,Clay,34
13061,Georgia,Clay,2
17025,Illinois,Clay,0
18021,Indiana,Clay,4
19041,Iowa,Clay,0
20027,Kansas,Clay,2
21051,Kentucky,Clay,3
27027,Minnesota,Clay,37
28025,Mississippi,Clay,10
29047,Missouri,Clay,10
31035,Nebraska,Clay,0
37043,North Carolina,Clay,0
46027,South Dakota,Clay,0
47027,Tennessee,Clay,0
48077,Texas,Clay,0
54015,West Virginia,Clay,1
13063,Georgia,Clayton,79
19043,Iowa,Clayton,3
08019,Colorado,Clear Creek,1
42033,Pennsylvania,Clearfield,0
16035,Idaho,Clearwater,0
27029,Minnesota,Clearwater,0
01029,Alabama,Cleburne,1
05023,Arkansas,Cleburne,4
39025,Ohio,Clermont,6
05025,Arkansas,Cleveland,0
37045,North Carolina,Cleveland,4
40027,Oklahoma,Cleveland,40
13065,Georgia,Clinch,3
17027,Illinois,Clinton,17
18023,Indiana,Clinton,2
19045,Iowa,Clinton,1
21053,Kentucky,Clinton,0
26037,Michigan,Clinton,12
29049,Missouri,Clinton,0
36019,New York,Clinton,4
39027,Ohio,Clinton,0
42035,Pennsylvania,Clinton,4
20029,Kansas,Cloud,0
28027,Mississippi,Coahoma,6
40029,Oklahoma,Coal,0
13067,Georgia,Cobb,243
04003,Arizona,Cochise,8
48079,Texas,Cochran,0
47029,Tennessee,Cocke,0
04005,Arizona,Coconino,92
46029,South Dakota,Codington,0
01031,Alabama,Coffee,2
13069,Georgia,Coffee,17
47031,Tennessee,Coffee,0
20031,Kansas,Coffey,8
48081,Texas,Coke,1
01033,Alabama,Colbert,5
29051,Missouri,Cole,2
48083,Texas,Coleman,0
17029,Illinois,Coles,17
31037,Nebraska,Colfax,4
35007,New Mexico,Colfax,1
45029,South Carolina,Colleton,21
12021,Florida,Collier,74
48085,Texas,Collin,42
48087,Texas,Collingsworth,0
51570,Virginia,Colonial Heights,17
48089,Texas,Colorado,0
13071,Georgia,Colquitt,18
05027,Arkansas,Columbia,3
12023,Florida,Columbia,3
13073,Georgia,Columbia,9
36021,New York,Columbia,37
41009,Oregon,Columbia,0
42037,Pennsylvania,Columbia,34
53013,Washington,Columbia,0
55021,Wisconsin,Columbia,1
39029,Ohio,Columbiana,60
37047,North Carolina,Columbus,38
06011,California,Colusa,0
48091,Texas,Comal,7
20033,Kansas,Comanche,0
40031,Oklahoma,Comanche,5
48093,Texas,Comanche,1
48095,Texas,Concho,0
22029,Louisiana,Concordia,6
01035,Alabama,Conecuh,6
08021,Colorado,Conejos,0
06013,California,Contra Costa,76
56009,Wyoming,Converse,0
05029,Arkansas,Conway,3
13075,Georgia,Cook,1
17031,Illinois,Cook,4565
27031,Minnesota,Cook,0
48097,Texas,Cooke,0
29053,Missouri,Cooper,0
33007,New Hampshire,Coos,0
41011,Oregon,Coos,0
01037,Alabama,Coosa,1
28029,Mississippi,Copiah,14
46031,South Dakota,Corson,0
36023,New York,Cortland,0
48099,Texas,Coryell,2
39031,Ohio,Coshocton,1
08023,Colorado,Costilla,0
48101,Texas,Cottle,1
40033,Oklahoma,Cotton,2
27033,Minnesota,Cottonwood,0
01039,Alabama,Covington,6
28031,Mississippi,Covington,5
51580,Virginia,Covington,0
13077,Georgia,Coweta,15
20035,Kansas,Cowley,1
53015,Washington,Cowlitz,0
40035,Oklahoma,Craig,0
51045,Virginia,Craig,0
05031,Arkansas,Craighead,6
48103,Texas,Crane,8
37049,North Carolina,Craven,6
05033,Arkansas,Crawford,1
13079,Georgia,Crawford,0
17033,Illinois,Crawford,0
18025,Indiana,Crawford,0
19047,Iowa,Crawford,2
20037,Kansas,Crawford,1
26039,Michigan,Crawford,5
29055,Missouri,Crawford,0
39033,Ohio,Crawford,6
42039,Pennsylvania,Crawford,0
55023,Wisconsin,Crawford,0
40037,Oklahoma,Creek,7
01041,Alabama,Crenshaw,3
13081,Georgia,Crisp,12
05035,Arkansas,Crittenden,12
21055,Kentucky,Crittenden,1
47033,Tennessee,Crockett,3
48105,Texas,Crockett,0
41013,Oregon,Crook,0
56011,Wyoming,Crook,0
48107,Texas,Crosby,1
05037,Arkansas,Cross,1
27035,Minnesota,Crow Wing,12
08025,Colorado,Crowley,1
48109,Texas,Culberson,0
01043,Alabama,Cullman,3
51047,Virginia,Culpeper,10
17035,Illinois,Cumberland,0
21057,Kentucky,Cumberland,0
23005,Maine,Cumberland,60
34011,New Jersey,Cumberland,143
37051,North Carolina,Cumberland,41
42041,Pennsylvania,Cumberland,64
47035,Tennessee,Cumberland,3
51049,Virginia,Cumberland,0
31039,Nebraska,Cuming,0
37053,North Carolina,Currituck,0
35009,New Mexico,Curry,0
41015,Oregon,Curry,0
08027,Colorado,Custer,0
16037,Idaho,Custer,0
30017,Montana,Custer,0
31041,Nebraska,Custer,4
40039,Oklahoma,Custer,0
46033,South Dakota,Custer,0
39035,Ohio,Cuyahoga,364
13083,Georgia,Dade,1
29057,Missouri,Dade,0
27037,Minnesota,Dakota,87
31043,Nebraska,Dakota,31
01045,Alabama,Dale,0
48111,Texas,Dallam,1
01047,Alabama,Dallas,8
05039,Arkansas,Dallas,0
19049,Iowa,Dallas,29
29059,Missouri,Dallas,1
48113,Texas,Dallas,373
55025,Wisconsin,Dane,32
51590,Virginia,Danville,2
37055,North Carolina,Dare,1
39037,Ohio,Darke,25
45031,South Carolina,Darlington,14
42043,Pennsylvania,Dauphin,133
37057,North Carolina,Davidson,15
47037,Tennessee,Davidson,113
37059,North Carolina,Davie,4
18027,Indiana,Daviess,16
21059,Kentucky,Daviess,8
29061,Missouri,Daviess,0
19051,Iowa,Davis,1
49011,Utah,Davis,5
46035,South Dakota,Davison,0
31045,Nebraska,Dawes,0
13085,Georgia,Dawson,3
30021,Montana,Dawson,0
31047,Nebraska,Dawson,8
48115,Texas,Dawson,1
46037,South Dakota,Day,0
35011,New Mexico,De Baca,0
22031,Louisiana,De Soto,18
17039,Illinois,De Witt,0
01049,Alabama,DeKalb,5
13089,Georgia,DeKalb,173
17037,Illinois,DeKalb,18
18033,Indiana,DeKalb,4
29063,Missouri,DeKalb,0
47041,Tennessee,DeKalb,0
12027,Florida,DeSoto,10
28033,Mississippi,DeSoto,15
48123,Texas,DeWitt,1
48117,Texas,Deaf Smith,16
18029,Indiana,Dearborn,22
13087,Georgia,Decatur,8
18031,Indiana,Decatur,32
19053,Iowa,Decatur,0
47039,Tennessee,Decatur,0
30023,Montana,Deer Lodge,0
39039,Ohio,Defiance,3
06015,California,Del Norte,1
18035,Indiana,Delaware,48
19055,Iowa,Delaware,1
36025,New York,Delaware,4
39041,Ohio,Delaware,15
40041,Oklahoma,Delaware,16
42045,Pennsylvania,Delaware,655
08029,Colorado,Delta,1
26041,Michigan,Delta,3
48119,Texas,Delta,0
29065,Missouri,Dent,0
48121,Texas,Denton,37
08031,Colorado,Denver,381
19057,Iowa,Des Moines,3
41017,Oregon,Deschutes,0
05041,Arkansas,Desha,1
31049,Nebraska,Deuel,0
46039,South Dakota,Deuel,0
40043,Oklahoma,Dewey,0
46041,South Dakota,Dewey,0
48125,Texas,Dickens,0
51051,Virginia,Dickenson,0
38021,North Dakota,Dickey,0
19059,Iowa,Dickinson,2
20041,Kansas,Dickinson,1
26043,Michigan,Dickinson,2
47043,Tennessee,Dickson,0
45033,South Carolina,Dillon,9
48127,Texas,Dimmit,0
51053,Virginia,Dinwiddie,0
11001,District of Columbia,District of Columbia,551
38023,North Dakota,Divide,0
12029,Florida,Dixie,4
31051,Nebraska,Dixon,2
13091,Georgia,Dodge,2
27039,Minnesota,Dodge,0
31053,Nebraska,Dodge,8
55027,Wisconsin,Dodge,5
35013,New Mexico,Dona Ana,9
20043,Kansas,Doniphan,0
48129,Texas,Donley,0
13093,Georgia,Dooly,12
55029,Wisconsin,Door,3
24019,Maryland,Dorchester,5
45035,South Carolina,Dorchester,3
13095,Georgia,Dougherty,154
08035,Colorado,Douglas,52
13097,Georgia,Douglas,36
17041,Illinois,Douglas,0
20045,Kansas,Douglas,0
27041,Minnesota,Douglas,0
29067,Missouri,Douglas,0
31055,Nebraska,Douglas,93
32005,Nevada,Douglas,0
41019,Oregon,Douglas,0
46043,South Dakota,Douglas,0
53017,Washington,Douglas,3
55031,Wisconsin,Douglas,0
05043,Arkansas,Drew,1
17043,Illinois,DuPage,470
18037,Indiana,Dubois,6
19061,Iowa,Dubuque,22
   NA,Massachusetts,Dukes and Nantucket,0
31057,Nebraska,Dundy,0
29069,Missouri,Dunklin,3
38025,North Dakota,Dunn,0
55033,Wisconsin,Dunn,0
37061,North Carolina,Duplin,28
37063,North Carolina,Durham,63
36027,New York,Dutchess,151
12031,Florida,Duval,64
48131,Texas,Duval,0
47045,Tennessee,Dyer,1
08037,Colorado,Eagle,8
13099,Georgia,Early,31
22033,Louisiana,East Baton Rouge,270
22035,Louisiana,East Carroll,1
22037,Louisiana,East Feliciana,33
48133,Texas,Eastland,0
26045,Michigan,Eaton,7
55035,Wisconsin,Eau Claire,1
13101,Georgia,Echols,0
48135,Texas,Ector,7
35015,New Mexico,Eddy,1
38027,North Dakota,Eddy,0
17045,Illinois,Edgar,0
37065,North Carolina,Edgecombe,9
45037,South Carolina,Edgefield,3
21061,Kentucky,Edmonson,11
46045,South Dakota,Edmunds,0
17047,Illinois,Edwards,0
20047,Kansas,Edwards,0
48137,Texas,Edwards,0
13103,Georgia,Effingham,1
17049,Illinois,Effingham,1
06017,California,El Dorado,0
08041,Colorado,El Paso,120
48141,Texas,El Paso,130
08039,Colorado,Elbert,2
13105,Georgia,Elbert,0
20049,Kansas,Elk,0
42047,Pennsylvania,Elk,0
18039,Indiana,Elkhart,43
32007,Nevada,Elko,1
21063,Kentucky,Elliott,0
20051,Kansas,Ellis,0
40045,Oklahoma,Ellis,0
48139,Texas,Ellis,19
20053,Kansas,Ellsworth,0
01051,Alabama,Elmore,14
16039,Idaho,Elmore,2
13107,Georgia,Emanuel,3
19063,Iowa,Emmet,0
26047,Michigan,Emmet,2
38029,North Dakota,Emmons,1
51595,Virginia,Emporia,14
48143,Texas,Erath,1
36029,New York,Erie,634
39043,Ohio,Erie,22
42049,Pennsylvania,Erie,12
01053,Alabama,Escambia,6
12033,Florida,Escambia,45
32009,Nevada,Esmeralda,0
25009,Massachusetts,Essex,1104
34013,New Jersey,Essex,2021
36031,New York,Essex,0
50009,Vermont,Essex,0
51057,Virginia,Essex,0
21065,Kentucky,Estill,0
01055,Alabama,Etowah,13
32011,Nevada,Eureka,0
22039,Louisiana,Evangeline,1
13109,Georgia,Evans,0
02090,Alaska,Fairbanks North Star,2
51059,Virginia,Fairfax,488
51600,Virginia,Fairfax City,7
09001,Connecticut,Fairfield,1376
39045,Ohio,Fairfield,16
45039,South Carolina,Fairfield,21
46047,South Dakota,Fall River,0
48145,Texas,Falls,0
51610,Virginia,Falls Church,8
13111,Georgia,Fannin,1
48147,Texas,Fannin,7
27043,Minnesota,Faribault,0
46049,South Dakota,Faulk,1
05045,Arkansas,Faulkner,3
51061,Virginia,Fauquier,6
01057,Alabama,Fayette,1
13113,Georgia,Fayette,17
17051,Illinois,Fayette,3
18041,Indiana,Fayette,7
19065,Iowa,Fayette,0
21067,Kentucky,Fayette,26
39047,Ohio,Fayette,0
42051,Pennsylvania,Fayette,4
47047,Tennessee,Fayette,2
48149,Texas,Fayette,2
54019,West Virginia,Fayette,4
   NA,Michigan,Federal Correctional Institution (FCI),5
47049,Tennessee,Fentress,0
30027,Montana,Fergus,0
53019,Washington,Ferry,0
27045,Minnesota,Fillmore,0
31059,Nebraska,Fillmore,1
20055,Kansas,Finney,10
48151,Texas,Fisher,1
12035,Florida,Flagler,5
30029,Montana,Flathead,2
21069,Kentucky,Fleming,0
45041,South Carolina,Florence,51
55037,Wisconsin,Florence,0
13115,Georgia,Floyd,15
18043,Indiana,Floyd,44
19067,Iowa,Floyd,2
21071,Kentucky,Floyd,0
48153,Texas,Floyd,1
51063,Virginia,Floyd,1
51065,Virginia,Fluvanna,7
55039,Wisconsin,Fond du Lac,6
17053,Illinois,Ford,1
20057,Kansas,Ford,8
42053,Pennsylvania,Forest,0
55041,Wisconsin,Forest,3
28035,Mississippi,Forrest,42
13117,Georgia,Forsyth,15
37067,North Carolina,Forsyth,34
48157,Texas,Fort Bend,53
38031,North Dakota,Foster,0
18045,Indiana,Fountain,2
01059,Alabama,Franklin,13
05047,Arkansas,Franklin,0
12037,Florida,Franklin,0
13119,Georgia,Franklin,1
16041,Idaho,Franklin,0
17055,Illinois,Franklin,0
18047,Indiana,Franklin,8
19069,Iowa,Franklin,0
20059,Kansas,Franklin,0
21073,Kentucky,Franklin,4
22041,Louisiana,Franklin,14
23007,Maine,Franklin,1
25011,Massachusetts,Franklin,54
28037,Mississippi,Franklin,2
29071,Missouri,Franklin,18
31061,Nebraska,Franklin,0
36033,New York,Franklin,0
37069,North Carolina,Franklin,21
39049,Ohio,Franklin,404
42055,Pennsylvania,Franklin,43
47051,Tennessee,Franklin,3
48159,Texas,Franklin,0
50011,Vermont,Franklin,6
51067,Virginia,Franklin,1
53021,Washington,Franklin,33
51620,Virginia,Franklin City,2
24021,Maryland,Frederick,117
51069,Virginia,Frederick,6
51630,Virginia,Fredericksburg,0
27047,Minnesota,Freeborn,0
48161,Texas,Freestone,0
08043,Colorado,Fremont,0
16043,Idaho,Fremont,0
19071,Iowa,Fremont,0
56013,Wyoming,Fremont,0
06019,California,Fresno,72
48163,Texas,Frio,0
31063,Nebraska,Frontier,0
05049,Arkansas,Fulton,0
13121,Georgia,Fulton,312
17057,Illinois,Fulton,0
18049,Indiana,Fulton,1
21075,Kentucky,Fulton,0
36035,New York,Fulton,24
39051,Ohio,Fulton,0
42057,Pennsylvania,Fulton,1
31065,Nebraska,Furnas,1
12039,Florida,Gadsden,7
31067,Nebraska,Gage,4
48165,Texas,Gaines,0
51640,Virginia,Galax,13
17059,Illinois,Gallatin,0
21077,Kentucky,Gallatin,7
30031,Montana,Gallatin,1
39053,Ohio,Gallia,1
48167,Texas,Galveston,40
31069,Nebraska,Garden,0
08045,Colorado,Garfield,2
31071,Nebraska,Garfield,0
40047,Oklahoma,Garfield,2
53023,Washington,Garfield,0
05051,Arkansas,Garland,1
21079,Kentucky,Garrard,0
24023,Maryland,Garrett,0
40049,Oklahoma,Garvin,1
48169,Texas,Garza,0
29073,Missouri,Gasconade,0
37071,North Carolina,Gaston,12
37073,North Carolina,Gates,2
20061,Kansas,Geary,1
39055,Ohio,Geauga,42
16045,Idaho,Gem,0
26049,Michigan,Genesee,288
36037,New York,Genesee,5
01061,Alabama,Geneva,0
29075,Missouri,Gentry,9
28039,Mississippi,George,3
45043,South Carolina,Georgetown,3
18051,Indiana,Gibson,2
47053,Tennessee,Gibson,1
04007,Arizona,Gila,5
12041,Florida,Gilchrist,0
47055,Tennessee,Giles,1
51071,Virginia,Giles,0
48171,Texas,Gillespie,0
41021,Oregon,Gilliam,0
13123,Georgia,Gilmer,2
54021,West Virginia,Gilmer,0
08047,Colorado,Gilpin,0
30035,Montana,Glacier,0
12043,Florida,Glades,1
26051,Michigan,Gladwin,1
13125,Georgia,Glascock,0
48173,Texas,Glasscock,0
06021,California,Glenn,0
34015,New Jersey,Gloucester,182
51073,Virginia,Gloucester,1
13127,Georgia,Glynn,6
26053,Michigan,Gogebic,1
30037,Montana,Golden Valley,0
48175,Texas,Goliad,0
48177,Texas,Gonzales,4
51075,Virginia,Goochland,6
27049,Minnesota,Goodhue,8
16047,Idaho,Gooding,1
13129,Georgia,Gordon,18
56015,Wyoming,Goshen,0
31073,Nebraska,Gosper,0
20063,Kansas,Gove,0
13131,Georgia,Grady,4
40051,Oklahoma,Grady,5
33009,New Hampshire,Grafton,1
04009,Arizona,Graham,1
37075,North Carolina,Graham,0
47057,Tennessee,Grainger,0
08049,Colorado,Grand,1
38035,North Dakota,Grand Forks,4
50013,Vermont,Grand Isle,0
26055,Michigan,Grand Traverse,5
30039,Montana,Granite,0
05053,Arkansas,Grant,0
18053,Indiana,Grant,26
20067,Kansas,Grant,1
21081,Kentucky,Grant,4
22043,Louisiana,Grant,1
27051,Minnesota,Grant,0
31075,Nebraska,Grant,0
35017,New Mexico,Grant,0
38037,North Dakota,Grant,0
40053,Oklahoma,Grant,0
41023,Oregon,Grant,0
46051,South Dakota,Grant,0
53025,Washington,Grant,6
54023,West Virginia,Grant,0
55043,Wisconsin,Grant,13
37077,North Carolina,Granville,19
26057,Michigan,Gratiot,13
21083,Kentucky,Graves,21
20069,Kansas,Gray,0
48179,Texas,Gray,4
53027,Washington,Grays Harbor,0
21085,Kentucky,Grayson,10
48181,Texas,Grayson,5
51077,Virginia,Grayson,2
31077,Nebraska,Greeley,0
21087,Kentucky,Green,1
55045,Wisconsin,Green,1
55047,Wisconsin,Green Lake,0
54025,West Virginia,Greenbrier,1
01063,Alabama,Greene,7
05055,Arkansas,Greene,0
13133,Georgia,Greene,9
17061,Illinois,Greene,0
18055,Indiana,Greene,31
19073,Iowa,Greene,0
28041,Mississippi,Greene,7
29077,Missouri,Greene,8
36039,New York,Greene,18
37079,North Carolina,Greene,2
39057,Ohio,Greene,9
42059,Pennsylvania,Greene,0
47059,Tennessee,Greene,2
51079,Virginia,Greene,1
04011,Arizona,Greenlee,1
51081,Virginia,Greensville,7
21089,Kentucky,Greenup,0
45045,South Carolina,Greenville,81
20073,Kansas,Greenwood,0
45047,South Carolina,Greenwood,7
40055,Oklahoma,Greer,7
48183,Texas,Gregg,13
46053,South Dakota,Gregory,0
28043,Mississippi,Grenada,5
38039,North Dakota,Griggs,0
48185,Texas,Grimes,2
17063,Illinois,Grundy,4
19075,Iowa,Grundy,0
29079,Missouri,Grundy,0
47061,Tennessee,Grundy,1
35019,New Mexico,Guadalupe,0
48187,Texas,Guadalupe,1
39059,Ohio,Guernsey,3
37081,North Carolina,Guilford,114
12045,Florida,Gulf,0
08051,Colorado,Gunnison,6
19077,Iowa,Guthrie,4
13135,Georgia,Gwinnett,170
13137,Georgia,Habersham,35
02100,Alaska,Haines,0
01065,Alabama,Hale,20
48189,Texas,Hale,7
37083,North Carolina,Halifax,4
51083,Virginia,Halifax,1
13139,Georgia,Hall,60
31079,Nebraska,Hall,47
48191,Texas,Hall,1
47063,Tennessee,Hamblen,4
12047,Florida,Hamilton,2
17065,Illinois,Hamilton,0
18057,Indiana,Hamilton,100
19079,Iowa,Hamilton,1
20075,Kansas,Hamilton,0
31081,Nebraska,Hamilton,12
36041,New York,Hamilton,0
39061,Ohio,Hamilton,198
47065,Tennessee,Hamilton,30
48193,Texas,Hamilton,1
46057,South Dakota,Hamlin,0
25013,Massachusetts,Hampden,655
25015,Massachusetts,Hampshire,110
54027,West Virginia,Hampshire,1
45049,South Carolina,Hampton,2
51650,Virginia,Hampton,5
13141,Georgia,Hancock,32
17067,Illinois,Hancock,1
18059,Indiana,Hancock,35
19081,Iowa,Hancock,0
21091,Kentucky,Hancock,0
23009,Maine,Hancock,1
28045,Mississippi,Hancock,13
39063,Ohio,Hancock,1
47067,Tennessee,Hancock,0
54029,West Virginia,Hancock,0
46059,South Dakota,Hand,0
51085,Virginia,Hanover,26
48195,Texas,Hansford,2
46061,South Dakota,Hanson,0
13143,Georgia,Haralson,5
12049,Florida,Hardee,3
47069,Tennessee,Hardeman,1
48197,Texas,Hardeman,0
17069,Illinois,Hardin,0
19083,Iowa,Hardin,0
21093,Kentucky,Hardin,6
39065,Ohio,Hardin,12
47071,Tennessee,Hardin,5
48199,Texas,Hardin,5
35021,New Mexico,Harding,0
54031,West Virginia,Hardy,0
24025,Maryland,Harford,62
21095,Kentucky,Harlan,2
31083,Nebraska,Harlan,0
40057,Oklahoma,Harmon,0
37085,North Carolina,Harnett,30
41025,Oregon,Harney,0
20077,Kansas,Harper,0
40059,Oklahoma,Harper,0
13145,Georgia,Harris,9
48201,Texas,Harris,378
18061,Indiana,Harrison,22
19085,Iowa,Harrison,0
21097,Kentucky,Harrison,0
28047,Mississippi,Harrison,8
29081,Missouri,Harrison,0
39067,Ohio,Harrison,1
48203,Texas,Harrison,30
54033,West Virginia,Harrison,1
51660,Virginia,Harrisonburg,24
13147,Georgia,Hart,0
21099,Kentucky,Hart,0
09003,Connecticut,Hartford,1370
48205,Texas,Hartley,2
20079,Kansas,Harvey,0
20081,Kansas,Haskell,0
40061,Oklahoma,Haskell,0
48207,Texas,Haskell,0
15001,Hawaii,Hawaii,0
47073,Tennessee,Hawkins,2
31085,Nebraska,Hayes,0
48209,Texas,Hays,6
37087,North Carolina,Haywood,0
47075,Tennessee,Haywood,2
13149,Georgia,Heard,3
48211,Texas,Hemphill,0
05057,Arkansas,Hempstead,1
17071,Illinois,Henderson,0
21101,Kentucky,Henderson,3
37089,North Carolina,Henderson,50
47077,Tennessee,Henderson,0
48213,Texas,Henderson,4
18063,Indiana,Hendricks,99
12051,Florida,Hendry,25
27053,Minnesota,Hennepin,776
51087,Virginia,Henrico,141
01067,Alabama,Henry,3
13151,Georgia,Henry,33
17073,Illinois,Henry,1
18065,Indiana,Henry,15
19087,Iowa,Henry,3
21103,Kentucky,Henry,2
29083,Missouri,Henry,3
39069,Ohio,Henry,0
47079,Tennessee,Henry,0
51089,Virginia,Henry,4
36043,New York,Herkimer,3
12053,Florida,Hernando,5
37091,North Carolina,Hertford,10
38041,North Dakota,Hettinger,0
21105,Kentucky,Hickman,0
47081,Tennessee,Hickman,0
35023,New Mexico,Hidalgo,0
48215,Texas,Hidalgo,32
39071,Ohio,Highland,1
51091,Virginia,Highland,0
12055,Florida,Highlands,11
30041,Montana,Hill,0
48217,Texas,Hill,1
12057,Florida,Hillsborough,138
33011,New Hampshire,Hillsborough,246
26059,Michigan,Hillsdale,25
28049,Mississippi,Hinds,39
08053,Colorado,Hinsdale,0
31087,Nebraska,Hitchcock,0
39073,Ohio,Hocking,7
48219,Texas,Hockley,1
20083,Kansas,Hodgeman,0
37093,North Carolina,Hoke,3
12059,Florida,Holmes,0
28051,Mississippi,Holmes,40
39075,Ohio,Holmes,3
29087,Missouri,Holt,0
31089,Nebraska,Holt,0
15003,Hawaii,Honolulu,12
48221,Texas,Hood,4
41027,Oregon,Hood River,0
31091,Nebraska,Hooker,0
51670,Virginia,Hopewell,2
21107,Kentucky,Hopkins,32
48223,Texas,Hopkins,1
45051,South Carolina,Horry,45
05059,Arkansas,Hot Spring,0
56017,Wyoming,Hot Springs,0
26061,Michigan,Houghton,0
01069,Alabama,Houston,4
13153,Georgia,Houston,23
27055,Minnesota,Houston,0
47083,Tennessee,Houston,0
48225,Texas,Houston,0
05061,Arkansas,Howard,1
18067,Indiana,Howard,56
19089,Iowa,Howard,0
24027,Maryland,Howard,84
29089,Missouri,Howard,0
31093,Nebraska,Howard,4
48227,Texas,Howard,1
29091,Missouri,Howell,0
27057,Minnesota,Hubbard,0
34017,New Jersey,Hudson,1451
48229,Texas,Hudspeth,0
08055,Colorado,Huerfano,0
40063,Oklahoma,Hughes,0
46065,South Dakota,Hughes,0
06023,California,Humboldt,4
19091,Iowa,Humboldt,1
32013,Nevada,Humboldt,4
28053,Mississippi,Humphreys,9
47085,Tennessee,Humphreys,1
48231,Texas,Hunt,6
34019,New Jersey,Hunterdon,124
42061,Pennsylvania,Huntingdon,4
18069,Indiana,Huntington,2
26063,Michigan,Huron,3
39077,Ohio,Huron,1
46067,South Dakota,Hutchinson,0
48233,Texas,Hutchinson,0
37095,North Carolina,Hyde,0
46069,South Dakota,Hyde,0
22045,Louisiana,Iberia,44
22047,Louisiana,Iberville,43
19093,Iowa,Ida,0
16049,Idaho,Idaho,0
06025,California,Imperial,93
05063,Arkansas,Independence,0
12061,Florida,Indian River,16
42063,Pennsylvania,Indiana,6
26065,Michigan,Ingham,29
06027,California,Inyo,1
26067,Michigan,Ionia,4
26069,Michigan,Iosco,10
19095,Iowa,Iowa,0
55049,Wisconsin,Iowa,0
37097,North Carolina,Iredell,9
48235,Texas,Irion,0
26071,Michigan,Iron,1
29093,Missouri,Iron,0
55051,Wisconsin,Iron,1
17075,Illinois,Iroquois,5
13155,Georgia,Irwin,1
26073,Michigan,Isabella,8
27059,Minnesota,Isanti,0
53029,Washington,Island,12
51093,Virginia,Isle of Wight,8
28055,Mississippi,Issaquena,1
27061,Minnesota,Itasca,12
28057,Mississippi,Itawamba,8
05065,Arkansas,Izard,1
48237,Texas,Jack,0
01071,Alabama,Jackson,2
05067,Arkansas,Jackson,0
08057,Colorado,Jackson,0
12063,Florida,Jackson,2
13157,Georgia,Jackson,10
17077,Illinois,Jackson,19
18071,Indiana,Jackson,3
19097,Iowa,Jackson,0
20085,Kansas,Jackson,1
21109,Kentucky,Jackson,13
22049,Louisiana,Jackson,16
26075,Michigan,Jackson,30
27063,Minnesota,Jackson,0
28059,Mississippi,Jackson,16
29095,Missouri,Jackson,24
37099,North Carolina,Jackson,1
39079,Ohio,Jackson,0
40065,Oklahoma,Jackson,3
41029,Oregon,Jackson,0
46071,South Dakota,Jackson,1
47087,Tennessee,Jackson,0
48239,Texas,Jackson,1
54035,West Virginia,Jackson,18
55053,Wisconsin,Jackson,1
51095,Virginia,James City,15
13159,Georgia,Jasper,1
17079,Illinois,Jasper,7
18073,Indiana,Jasper,2
19099,Iowa,Jasper,17
28061,Mississippi,Jasper,6
29097,Missouri,Jasper,3
45053,South Carolina,Jasper,3
48241,Texas,Jasper,1
18075,Indiana,Jay,0
13161,Georgia,Jeff Davis,2
48243,Texas,Jeff Davis,0
01073,Alabama,Jefferson,140
05069,Arkansas,Jefferson,28
08059,Colorado,Jefferson,209
12065,Florida,Jefferson,4
13163,Georgia,Jefferson,1
16051,Idaho,Jefferson,0
17081,Illinois,Jefferson,17
18077,Indiana,Jefferson,1
19101,Iowa,Jefferson,0
20087,Kansas,Jefferson,0
21111,Kentucky,Jefferson,193
22051,Louisiana,Jefferson,484
28063,Mississippi,Jefferson,3
29099,Missouri,Jefferson,19
30043,Montana,Jefferson,0
31095,Nebraska,Jefferson,0
36045,New York,Jefferson,0
39081,Ohio,Jefferson,2
40067,Oklahoma,Jefferson,0
41031,Oregon,Jefferson,0
42065,Pennsylvania,Jefferson,1
47089,Tennessee,Jefferson,0
48245,Texas,Jefferson,33
53031,Washington,Jefferson,0
54037,West Virginia,Jefferson,4
55055,Wisconsin,Jefferson,4
22053,Louisiana,Jefferson Davis,9
28065,Mississippi,Jefferson Davis,4
13165,Georgia,Jenkins,11
18079,Indiana,Jennings,10
46073,South Dakota,Jerauld,1
16053,Idaho,Jerome,5
17083,Illinois,Jersey,1
21113,Kentucky,Jessamine,0
20089,Kansas,Jewell,0
48247,Texas,Jim Hogg,0
48249,Texas,Jim Wells,0
17085,Illinois,Jo Daviess,1
05071,Arkansas,Johnson,0
13167,Georgia,Johnson,2
17087,Illinois,Johnson,0
18081,Indiana,Johnson,118
19103,Iowa,Johnson,8
20091,Kansas,Johnson,86
21115,Kentucky,Johnson,0
29101,Missouri,Johnson,0
31097,Nebraska,Johnson,0
47091,Tennessee,Johnson,0
48251,Texas,Johnson,4
56019,Wyoming,Johnson,1
37101,North Carolina,Johnston,29
40069,Oklahoma,Johnston,0
13169,Georgia,Jones,0
19105,Iowa,Jones,0
28067,Mississippi,Jones,49
37103,North Carolina,Jones,3
48253,Texas,Jones,0
41033,Oregon,Josephine,1
02110,Alaska,Juneau,2
55057,Wisconsin,Juneau,1
42067,Pennsylvania,Juniata,6
26077,Michigan,Kalamazoo,67
26079,Michigan,Kalkaska,2
27065,Minnesota,Kanabec,1
54039,West Virginia,Kanawha,20
27067,Minnesota,Kandiyohi,1
17089,Illinois,Kane,268
17091,Illinois,Kankakee,65
   NA,Missouri,Kansas City,31
48255,Texas,Karnes,0
15007,Hawaii,Kauai,0
48257,Texas,Kaufman,4
40071,Oklahoma,Kay,7
31099,Nebraska,Kearney,0
20093,Kansas,Kearny,1
31101,Nebraska,Keith,0
28069,Mississippi,Kemper,13
02122,Alaska,Kenai Peninsula,2
17093,Illinois,Kendall,20
48259,Texas,Kendall,0
23011,Maine,Kennebec,10
55059,Wisconsin,Kenosha,43
10001,Delaware,Kent,89
24029,Maryland,Kent,23
26081,Michigan,Kent,134
44003,Rhode Island,Kent,0
21117,Kentucky,Kenton,36
19107,Iowa,Keokuk,1
06029,California,Kern,70
48265,Texas,Kerr,1
45055,South Carolina,Kershaw,15
02130,Alaska,Ketchikan Gateway,0
55061,Wisconsin,Kewaunee,1
26083,Michigan,Keweenaw,0
31103,Nebraska,Keya Paha,0
38043,North Dakota,Kidder,0
31105,Nebraska,Kimball,0
48267,Texas,Kimble,0
53033,Washington,King,610
51099,Virginia,King George,4
51101,Virginia,King William,0
51097,Virginia,King and Queen,1
40073,Oklahoma,Kingfisher,0
06031,California,Kings,29
46077,South Dakota,Kingsbury,0
48271,Texas,Kinney,0
20097,Kansas,Kiowa,0
40075,Oklahoma,Kiowa,1
08063,Colorado,Kit Carson,3
53035,Washington,Kitsap,2
53037,Washington,Kittitas,0
27069,Minnesota,Kittson,0
41035,Oregon,Klamath,0
48273,Texas,Kleberg,1
53039,Washington,Klickitat,3
21119,Kentucky,Knott,0
17095,Illinois,Knox,0
18083,Indiana,Knox,0
21121,Kentucky,Knox,0
23013,Maine,Knox,1
29103,Missouri,Knox,0
31107,Nebraska,Knox,0
39083,Ohio,Knox,1
47093,Tennessee,Knox,5
48275,Texas,Knox,0
02150,Alaska,Kodiak Island,0
27071,Minnesota,Koochiching,1
16055,Idaho,Kootenai,1
18085,Indiana,Kosciusko,2
19109,Iowa,Kossuth,0
55063,Wisconsin,La Crosse,0
04012,Arizona,La Paz,5
08067,Colorado,La Plata,1
48283,Texas,La Salle,0
18087,Indiana,LaGrange,6
38045,North Dakota,LaMoure,0
18091,Indiana,LaPorte,25
17099,Illinois,LaSalle,17
22059,Louisiana,LaSalle,0
20099,Kansas,Labette,0
27073,Minnesota,Lac qui Parle,0
42069,Pennsylvania,Lackawanna,203
29105,Missouri,Laclede,0
05073,Arkansas,Lafayette,1
12067,Florida,Lafayette,0
22055,Louisiana,Lafayette,42
28071,Mississippi,Lafayette,4
29107,Missouri,Lafayette,2
55065,Wisconsin,Lafayette,0
22057,Louisiana,Lafourche,87
06033,California,Lake,0
08065,Colorado,Lake,0
12069,Florida,Lake,22
17097,Illinois,Lake,416
18089,Indiana,Lake,239
26085,Michigan,Lake,0
27075,Minnesota,Lake,0
30047,Montana,Lake,0
39085,Ohio,Lake,17
41037,Oregon,Lake,0
46079,South Dakota,Lake,1
47095,Tennessee,Lake,0
27077,Minnesota,Lake of the Woods,0
01075,Alabama,Lamar,1
13171,Georgia,Lamar,6
28073,Mississippi,Lamar,7
48277,Texas,Lamar,13
48279,Texas,Lamb,0
50015,Vermont,Lamoille,1
48281,Texas,Lampasas,0
31109,Nebraska,Lancaster,12
42071,Pennsylvania,Lancaster,357
45057,South Carolina,Lancaster,12
51103,Virginia,Lancaster,0
32015,Nevada,Lander,0
20101,Kansas,Lane,0
41039,Oregon,Lane,3
55067,Wisconsin,Langlade,0
13173,Georgia,Lanier,3
26087,Michigan,Lapeer,31
56021,Wyoming,Laramie,0
08069,Colorado,Larimer,29
21123,Kentucky,Larue,1
08071,Colorado,Las Animas,0
06035,California,Lassen,0
16057,Idaho,Latah,0
40077,Oklahoma,Latimer,1
01077,Alabama,Lauderdale,5
28075,Mississippi,Lauderdale,78
47097,Tennessee,Lauderdale,2
21125,Kentucky,Laurel,3
13175,Georgia,Laurens,1
45059,South Carolina,Laurens,5
48285,Texas,Lavaca,1
01079,Alabama,Lawrence,0
05075,Arkansas,Lawrence,9
17101,Illinois,Lawrence,0
18093,Indiana,Lawrence,24
21127,Kentucky,Lawrence,0
28077,Mississippi,Lawrence,1
29109,Missouri,Lawrence,0
39087,Ohio,Lawrence,0
42073,Pennsylvania,Lawrence,9
46081,South Dakota,Lawrence,0
47099,Tennessee,Lawrence,5
40079,Oklahoma,Le Flore,1
27079,Minnesota,Le Sueur,1
35025,New Mexico,Lea,0
28079,Mississippi,Leake,19
20103,Kansas,Leavenworth,7
42075,Pennsylvania,Lebanon,43
01081,Alabama,Lee,37
05077,Arkansas,Lee,2
12071,Florida,Lee,158
13177,Georgia,Lee,22
17103,Illinois,Lee,2
19111,Iowa,Lee,2
21129,Kentucky,Lee,0
28081,Mississippi,Lee,16
37105,North Carolina,Lee,8
45061,South Carolina,Lee,22
48287,Texas,Lee,3
51105,Virginia,Lee,0
26089,Michigan,Leelanau,0
28083,Mississippi,Leflore,48
42077,Pennsylvania,Lehigh,297
16059,Idaho,Lemhi,0
26091,Michigan,Lenawee,6
37107,North Carolina,Lenoir,11
12073,Florida,Leon,8
48289,Texas,Leon,0
21131,Kentucky,Leslie,0
21133,Kentucky,Letcher,0
12075,Florida,Levy,1
16061,Idaho,Lewis,0
21135,Kentucky,Lewis,0
29111,Missouri,Lewis,1
36049,New York,Lewis,0
47101,Tennessee,Lewis,0
53041,Washington,Lewis,3
54041,West Virginia,Lewis,2
30049,Montana,Lewis and Clark,0
45063,South Carolina,Lexington,49
51678,Virginia,Lexington,0
12077,Florida,Liberty,1
13179,Georgia,Liberty,1
30051,Montana,Liberty,0
48291,Texas,Liberty,3
39089,Ohio,Licking,11
01083,Alabama,Limestone,0
48293,Texas,Limestone,1
05079,Arkansas,Lincoln,11
08073,Colorado,Lincoln,0
13181,Georgia,Lincoln,1
16063,Idaho,Lincoln,0
20105,Kansas,Lincoln,0
21137,Kentucky,Lincoln,1
22061,Louisiana,Lincoln,18
23015,Maine,Lincoln,0
27081,Minnesota,Lincoln,0
28085,Mississippi,Lincoln,34
29113,Missouri,Lincoln,1
30053,Montana,Lincoln,1
31111,Nebraska,Lincoln,2
32017,Nevada,Lincoln,0
35027,New Mexico,Lincoln,0
37109,North Carolina,Lincoln,2
40081,Oklahoma,Lincoln,2
41041,Oregon,Lincoln,2
46083,South Dakota,Lincoln,1
47103,Tennessee,Lincoln,0
53043,Washington,Lincoln,0
54043,West Virginia,Lincoln,0
55069,Wisconsin,Lincoln,0
56023,Wyoming,Lincoln,0
19113,Iowa,Linn,82
20107,Kansas,Linn,0
29115,Missouri,Linn,1
41043,Oregon,Linn,9
48295,Texas,Lipscomb,0
09005,Connecticut,Litchfield,137
05081,Arkansas,Little River,0
48297,Texas,Live Oak,0
17105,Illinois,Livingston,2
21139,Kentucky,Livingston,0
22063,Louisiana,Livingston,37
26093,Michigan,Livingston,28
29117,Missouri,Livingston,0
36051,New York,Livingston,8
48299,Texas,Llano,0
05083,Arkansas,Logan,0
08075,Colorado,Logan,5
17107,Illinois,Logan,0
20109,Kansas,Logan,0
21141,Kentucky,Logan,11
31113,Nebraska,Logan,0
39091,Ohio,Logan,1
40083,Oklahoma,Logan,1
54045,West Virginia,Logan,1
13183,Georgia,Long,1
05085,Arkansas,Lonoke,1
39093,Ohio,Lorain,67
35028,New Mexico,Los Alamos,0
06037,California,Los Angeles,3371
47105,Tennessee,Loudon,1
51107,Virginia,Loudoun,87
19115,Iowa,Louisa,13
51109,Virginia,Louisa,1
31115,Nebraska,Loup,0
40085,Oklahoma,Love,0
01085,Alabama,Lowndes,19
13185,Georgia,Lowndes,11
28087,Mississippi,Lowndes,11
48303,Texas,Lubbock,51
19117,Iowa,Lucas,4
39095,Ohio,Lucas,301
26095,Michigan,Luce,0
13187,Georgia,Lumpkin,3
35029,New Mexico,Luna,3
51111,Virginia,Lunenburg,0
42079,Pennsylvania,Luzerne,177
42081,Pennsylvania,Lycoming,19
46085,South Dakota,Lyman,0
51680,Virginia,Lynchburg,1
48305,Texas,Lynn,1
19119,Iowa,Lyon,0
20111,Kansas,Lyon,6
21143,Kentucky,Lyon,3
27083,Minnesota,Lyon,2
32019,Nevada,Lyon,2
26097,Michigan,Mackinac,0
26099,Michigan,Macomb,916
01087,Alabama,Macon,8
13193,Georgia,Macon,9
17115,Illinois,Macon,22
29121,Missouri,Macon,0
37113,North Carolina,Macon,3
47111,Tennessee,Macon,3
17117,Illinois,Macoupin,3
06039,California,Madera,5
01089,Alabama,Madison,6
05087,Arkansas,Madison,0
12079,Florida,Madison,3
13195,Georgia,Madison,4
16065,Idaho,Madison,0
17119,Illinois,Madison,68
18095,Indiana,Madison,63
19121,Iowa,Madison,2
21151,Kentucky,Madison,1
22065,Louisiana,Madison,2
28089,Mississippi,Madison,34
29123,Missouri,Madison,0
30057,Montana,Madison,1
31119,Nebraska,Madison,4
36053,New York,Madison,17
37115,North Carolina,Madison,0
39097,Ohio,Madison,8
47113,Tennessee,Madison,2
48313,Texas,Madison,0
51113,Virginia,Madison,1
21153,Kentucky,Magoffin,0
19123,Iowa,Mahaska,17
27087,Minnesota,Mahnomen,1
39099,Ohio,Mahoning,228
40093,Oklahoma,Major,1
41045,Oregon,Malheur,1
51683,Virginia,Manassas,16
51685,Virginia,Manassas Park,6
12081,Florida,Manatee,130
26101,Michigan,Manistee,0
55071,Wisconsin,Manitowoc,1
55073,Wisconsin,Marathon,1
01091,Alabama,Marengo,11
04013,Arizona,Maricopa,771
29125,Missouri,Maries,0
06041,California,Marin,18
55075,Wisconsin,Marinette,3
01093,Alabama,Marion,12
05089,Arkansas,Marion,0
12083,Florida,Marion,10
13197,Georgia,Marion,2
17121,Illinois,Marion,0
18097,Indiana,Marion,679
19125,Iowa,Marion,0
20115,Kansas,Marion,1
21155,Kentucky,Marion,0
28091,Mississippi,Marion,11
29127,Missouri,Marion,0
39101,Ohio,Marion,38
41047,Oregon,Marion,46
45067,South Carolina,Marion,7
47115,Tennessee,Marion,4
48315,Texas,Marion,1
54049,West Virginia,Marion,2
06043,California,Mariposa,1
45069,South Carolina,Marlboro,4
26103,Michigan,Marquette,11
55077,Wisconsin,Marquette,1
01095,Alabama,Marshall,9
17123,Illinois,Marshall,0
18099,Indiana,Marshall,3
19127,Iowa,Marshall,18
20117,Kansas,Marshall,0
21157,Kentucky,Marshall,2
27089,Minnesota,Marshall,0
28093,Mississippi,Marshall,3
40095,Oklahoma,Marshall,0
46091,South Dakota,Marshall,0
47117,Tennessee,Marshall,1
54051,West Virginia,Marshall,0
12085,Florida,Martin,25
18101,Indiana,Martin,0
21159,Kentucky,Martin,0
27091,Minnesota,Martin,5
37117,North Carolina,Martin,4
48317,Texas,Martin,1
51690,Virginia,Martinsville,1
17125,Illinois,Mason,0
21161,Kentucky,Mason,0
26105,Michigan,Mason,0
48319,Texas,Mason,0
53045,Washington,Mason,1
54053,West Virginia,Mason,0
17127,Illinois,Massac,0
48321,Texas,Matagorda,5
02170,Alaska,Matanuska-Susitna,1
51115,Virginia,Mathews,0
15009,Hawaii,Maui,6
47119,Tennessee,Maury,3
48323,Texas,Maverick,2
40097,Oklahoma,Mayes,5
40087,Oklahoma,McClain,4
46087,South Dakota,McCook,1
45065,South Carolina,McCormick,2
21145,Kentucky,McCracken,3
21147,Kentucky,McCreary,0
48307,Texas,McCulloch,0
40089,Oklahoma,McCurtain,4
29119,Missouri,McDonald,1
17109,Illinois,McDonough,15
37111,North Carolina,McDowell,2
54047,West Virginia,McDowell,0
13189,Georgia,McDuffie,6
17111,Illinois,McHenry,97
38049,North Dakota,McHenry,1
13191,Georgia,McIntosh,1
38051,North Dakota,McIntosh,0
40091,Oklahoma,McIntosh,1
42083,Pennsylvania,McKean,1
38053,North Dakota,McKenzie,0
35031,New Mexico,McKinley,168
17113,Illinois,McLean,13
21149,Kentucky,McLean,1
38055,North Dakota,McLean,0
48309,Texas,McLennan,8
27085,Minnesota,McLeod,0
47107,Tennessee,McMinn,17
47109,Tennessee,McNairy,0
20113,Kansas,McPherson,0
31117,Nebraska,McPherson,0
46089,South Dakota,McPherson,0
20119,Kansas,Meade,0
21163,Kentucky,Meade,2
46093,South Dakota,Meade,1
30059,Montana,Meagher,0
37119,North Carolina,Mecklenburg,150
51117,Virginia,Mecklenburg,26
26107,Michigan,Mecosta,2
39103,Ohio,Medina,32
48325,Texas,Medina,2
27093,Minnesota,Meeker,1
39105,Ohio,Meigs,0
47121,Tennessee,Meigs,0
46095,South Dakota,Mellette,0
17129,Illinois,Menard,0
48327,Texas,Menard,0
06045,California,Mendocino,0
21165,Kentucky,Menifee,0
26109,Michigan,Menominee,0
55078,Wisconsin,Menominee,0
06047,California,Merced,11
17131,Illinois,Mercer,0
21167,Kentucky,Mercer,0
29129,Missouri,Mercer,0
34021,New Jersey,Mercer,577
38057,North Dakota,Mercer,0
39107,Ohio,Mercer,8
42085,Pennsylvania,Mercer,6
54055,West Virginia,Mercer,0
13199,Georgia,Meriwether,2
31121,Nebraska,Merrick,0
33013,New Hampshire,Merrimack,18
08077,Colorado,Mesa,0
21169,Kentucky,Metcalfe,2
18103,Indiana,Miami,2
20121,Kansas,Miami,0
39109,Ohio,Miami,31
12086,Florida,Miami-Dade,991
   NA,Michigan,Michigan Department of Corrections (MDOC),68
09007,Connecticut,Middlesex,184
25017,Massachusetts,Middlesex,1851
34023,New Jersey,Middlesex,1322
51119,Virginia,Middlesex,0
26111,Michigan,Midland,9
48329,Texas,Midland,14
42087,Pennsylvania,Mifflin,1
48331,Texas,Milam,1
27095,Minnesota,Mille Lacs,2
05091,Arkansas,Miller,2
13201,Georgia,Miller,0
29131,Missouri,Miller,0
19129,Iowa,Mills,0
48333,Texas,Mills,0
55079,Wisconsin,Milwaukee,390
46097,South Dakota,Miner,0
08079,Colorado,Mineral,0
32021,Nevada,Mineral,0
54057,West Virginia,Mineral,3
54059,West Virginia,Mingo,2
16067,Idaho,Minidoka,0
46099,South Dakota,Minnehaha,57
26113,Michigan,Missaukee,1
05093,Arkansas,Mississippi,3
29133,Missouri,Mississippi,0
30063,Montana,Missoula,1
13205,Georgia,Mitchell,38
19131,Iowa,Mitchell,0
20123,Kansas,Mitchell,0
37121,North Carolina,Mitchell,0
48335,Texas,Mitchell,0
01097,Alabama,Mobile,134
08081,Colorado,Moffat,0
04015,Arizona,Mohave,85
29135,Missouri,Moniteau,1
34025,New Jersey,Monmouth,807
06051,California,Mono,1
19133,Iowa,Monona,0
54061,West Virginia,Monongalia,5
01099,Alabama,Monroe,2
05095,Arkansas,Monroe,0
12087,Florida,Monroe,4
13207,Georgia,Monroe,17
17133,Illinois,Monroe,13
18105,Indiana,Monroe,28
19135,Iowa,Monroe,6
21171,Kentucky,Monroe,1
26115,Michigan,Monroe,21
28095,Mississippi,Monroe,29
29137,Missouri,Monroe,0
36055,New York,Monroe,266
39111,Ohio,Monroe,17
42089,Pennsylvania,Monroe,108
47123,Tennessee,Monroe,4
54063,West Virginia,Monroe,0
55081,Wisconsin,Monroe,1
48337,Texas,Montague,1
26117,Michigan,Montcalm,1
06053,California,Monterey,15
08083,Colorado,Montezuma,3
01101,Alabama,Montgomery,94
05097,Arkansas,Montgomery,0
13209,Georgia,Montgomery,0
17135,Illinois,Montgomery,1
18107,Indiana,Montgomery,20
19137,Iowa,Montgomery,2
20125,Kansas,Montgomery,3
21173,Kentucky,Montgomery,0
24031,Maryland,Montgomery,738
28097,Mississippi,Montgomery,2
29139,Missouri,Montgomery,0
36057,New York,Montgomery,4
37123,North Carolina,Montgomery,7
39113,Ohio,Montgomery,25
42091,Pennsylvania,Montgomery,801
47125,Tennessee,Montgomery,7
48339,Texas,Montgomery,36
51121,Virginia,Montgomery,2
26119,Michigan,Montmorency,0
42093,Pennsylvania,Montour,1
08085,Colorado,Montrose,12
46101,South Dakota,Moody,0
37125,North Carolina,Moore,14
47127,Tennessee,Moore,0
48341,Texas,Moore,15
22067,Louisiana,Morehouse,8
01103,Alabama,Morgan,3
08087,Colorado,Morgan,46
13211,Georgia,Morgan,0
17137,Illinois,Morgan,3
18109,Indiana,Morgan,31
21175,Kentucky,Morgan,0
29141,Missouri,Morgan,0
39115,Ohio,Morgan,0
47129,Tennessee,Morgan,1
54065,West Virginia,Morgan,0
31123,Nebraska,Morrill,0
20127,Kansas,Morris,0
34027,New Jersey,Morris,798
48343,Texas,Morris,0
27097,Minnesota,Morrison,1
39117,Ohio,Morrow,1
41049,Oregon,Morrow,1
20129,Kansas,Morton,1
38059,North Dakota,Morton,2
48345,Texas,Motley,0
17139,Illinois,Moultrie,0
38061,North Dakota,Mountrail,0
27099,Minnesota,Mower,2
21177,Kentucky,Muhlenberg,8
41051,Oregon,Multnomah,69
13213,Georgia,Murray,2
27101,Minnesota,Murray,0
40099,Oklahoma,Murray,0
19139,Iowa,Muscatine,44
13215,Georgia,Muscogee,47
26121,Michigan,Muskegon,51
39119,Ohio,Muskingum,1
40101,Oklahoma,Muskogee,11
30065,Montana,Musselshell,0
48347,Texas,Nacogdoches,26
31125,Nebraska,Nance,0
06055,California,Napa,4
37127,North Carolina,Nash,6
12089,Florida,Nassau,1
36059,New York,Nassau,2182
22069,Louisiana,Natchitoches,14
56025,Wyoming,Natrona,0
04017,Arizona,Navajo,125
48349,Texas,Navarro,6
21179,Kentucky,Nelson,1
38063,North Dakota,Nelson,0
51125,Virginia,Nelson,0
20131,Kansas,Nemaha,0
31127,Nebraska,Nemaha,0
20133,Kansas,Neosho,0
28099,Mississippi,Neshoba,68
20135,Kansas,Ness,0
05099,Arkansas,Nevada,3
06057,California,Nevada,1
10003,Delaware,New Castle,244
37129,North Carolina,New Hanover,5
09009,Connecticut,New Haven,1075
51127,Virginia,New Kent,1
09011,Connecticut,New London,102
29143,Missouri,New Madrid,1
36061,New York,New York City,23096
26123,Michigan,Newaygo,0
45071,South Carolina,Newberry,4
44005,Rhode Island,Newport,0
51700,Virginia,Newport News,10
05101,Arkansas,Newton,0
13217,Georgia,Newton,11
18111,Indiana,Newton,10
28101,Mississippi,Newton,9
29145,Missouri,Newton,2
48351,Texas,Newton,0
16069,Idaho,Nez Perce,19
36063,New York,Niagara,88
21181,Kentucky,Nicholas,0
54067,West Virginia,Nicholas,1
27103,Minnesota,Nicollet,12
56027,Wyoming,Niobrara,0
18113,Indiana,Noble,28
39121,Ohio,Noble,0
40103,Oklahoma,Noble,0
27105,Minnesota,Nobles,6
29147,Missouri,Nodaway,0
48353,Texas,Nolan,0
02180,Alaska,Nome,0
25021,Massachusetts,Norfolk,923
51710,Virginia,Norfolk,9
27107,Minnesota,Norman,0
02185,Alaska,North Slope,0
37131,North Carolina,Northampton,15
42095,Pennsylvania,Northampton,266
51131,Virginia,Northampton,28
42097,Pennsylvania,Northumberland,5
51133,Virginia,Northumberland,1
02188,Alaska,Northwest Arctic,0
20137,Kansas,Norton,0
51720,Virginia,Norton,0
51135,Virginia,Nottoway,2
40105,Oklahoma,Nowata,1
28103,Mississippi,Noxubee,8
31129,Nebraska,Nuckolls,0
48355,Texas,Nueces,8
32023,Nevada,Nye,3
19141,Iowa,O'Brien,1
26125,Michigan,Oakland,1090
47131,Tennessee,Obion,2
34029,New Jersey,Ocean,955
26127,Michigan,Oceana,3
48357,Texas,Ochiltree,2
13219,Georgia,Oconee,10
45073,South Carolina,Oconee,1
55083,Wisconsin,Oconto,0
26129,Michigan,Ogemaw,2
46102,South Dakota,Oglala Lakota,0
17141,Illinois,Ogle,4
13221,Georgia,Oglethorpe,7
18115,Indiana,Ohio,0
21183,Kentucky,Ohio,0
54069,West Virginia,Ohio,1
12091,Florida,Okaloosa,6
53047,Washington,Okanogan,2
12093,Florida,Okeechobee,0
40107,Oklahoma,Okfuskee,0
40109,Oklahoma,Oklahoma,70
40111,Oklahoma,Okmulgee,0
28105,Mississippi,Oktibbeha,24
21185,Kentucky,Oldham,6
48359,Texas,Oldham,1
38065,North Dakota,Oliver,0
27109,Minnesota,Olmsted,15
16071,Idaho,Oneida,0
36065,New York,Oneida,90
55085,Wisconsin,Oneida,0
36067,New York,Onondaga,184
37133,North Carolina,Onslow,3
36069,New York,Ontario,9
06059,California,Orange,340
12095,Florida,Orange,58
18117,Indiana,Orange,23
36071,New York,Orange,478
37135,North Carolina,Orange,41
48361,Texas,Orange,3
50017,Vermont,Orange,0
51137,Virginia,Orange,3
45075,South Carolina,Orangeburg,11
29149,Missouri,Oregon,0
22071,Louisiana,Orleans,534
36073,New York,Orleans,51
50019,Vermont,Orleans,0
20139,Kansas,Osage,0
29151,Missouri,Osage,0
40113,Oklahoma,Osage,8
20141,Kansas,Osborne,0
12097,Florida,Osceola,24
19143,Iowa,Osceola,0
26133,Michigan,Osceola,0
26135,Michigan,Oscoda,1
36075,New York,Oswego,3
08089,Colorado,Otero,1
35035,New Mexico,Otero,6
31131,Nebraska,Otoe,0
26137,Michigan,Otsego,10
36077,New York,Otsego,5
20143,Kansas,Ottawa,0
26139,Michigan,Ottawa,51
39123,Ohio,Ottawa,23
40115,Oklahoma,Ottawa,2
27111,Minnesota,Otter Tail,1
05103,Arkansas,Ouachita,0
22073,Louisiana,Ouachita,74
08091,Colorado,Ouray,1
80001,Alabama,Out of AL,0
80013,Georgia,Out of GA,47
80015,Hawaii,Out of HI,0
80017,Illinois,Out of IL,0
80026,Michigan,Out of MI,0
80040,Oklahoma,Out of OK,0
80047,Tennessee,Out of TN,7
55087,Wisconsin,Outagamie,9
47133,Tennessee,Overton,0
18119,Indiana,Owen,1
21187,Kentucky,Owen,0
21189,Kentucky,Owsley,0
16073,Idaho,Owyhee,0
23017,Maine,Oxford,0
29153,Missouri,Ozark,0
55089,Wisconsin,Ozaukee,15
53049,Washington,Pacific,1
19145,Iowa,Page,0
51139,Virginia,Page,24
12099,Florida,Palm Beach,510
19147,Iowa,Palo Alto,0
48363,Texas,Palo Pinto,2
37137,North Carolina,Pamlico,1
28107,Mississippi,Panola,6
48365,Texas,Panola,25
08093,Colorado,Park,0
30067,Montana,Park,0
56029,Wyoming,Park,0
18121,Indiana,Parke,0
48367,Texas,Parker,1
48369,Texas,Parmer,8
12101,Florida,Pasco,19
37139,North Carolina,Pasquotank,15
34031,New Jersey,Passaic,1186
51141,Virginia,Patrick,1
13223,Georgia,Paulding,15
39125,Ohio,Paulding,0
20145,Kansas,Pawnee,0
31133,Nebraska,Pawnee,0
40117,Oklahoma,Pawnee,2
16075,Idaho,Payette,2
40119,Oklahoma,Payne,1
13225,Georgia,Peach,9
28109,Mississippi,Pearl River,32
48371,Texas,Pecos,0
38067,North Dakota,Pembina,0
29155,Missouri,Pemiscot,6
53051,Washington,Pend Oreille,0
37141,North Carolina,Pender,1
21191,Kentucky,Pendleton,0
54071,West Virginia,Pendleton,1
27113,Minnesota,Pennington,0
46103,South Dakota,Pennington,16
23019,Maine,Penobscot,2
17143,Illinois,Peoria,28
55091,Wisconsin,Pepin,0
31135,Nebraska,Perkins,0
37143,North Carolina,Perquimans,2
01105,Alabama,Perry,0
05105,Arkansas,Perry,0
17145,Illinois,Perry,1
18123,Indiana,Perry,8
21193,Kentucky,Perry,1
28111,Mississippi,Perry,4
29157,Missouri,Perry,0
39127,Ohio,Perry,1
42099,Pennsylvania,Perry,5
47135,Tennessee,Perry,0
32027,Nevada,Pershing,0
37145,North Carolina,Person,1
02195,Alaska,Petersburg,1
51730,Virginia,Petersburg,3
29159,Missouri,Pettis,1
29161,Missouri,Phelps,0
31137,Nebraska,Phelps,0
42101,Pennsylvania,Philadelphia,1606
05107,Arkansas,Phillips,3
08095,Colorado,Phillips,0
20147,Kansas,Phillips,0
17147,Illinois,Piatt,0
39129,Ohio,Pickaway,41
01107,Alabama,Pickens,6
13227,Georgia,Pickens,5
45077,South Carolina,Pickens,5
47137,Tennessee,Pickett,0
13229,Georgia,Pierce,4
31139,Nebraska,Pierce,0
38069,North Dakota,Pierce,0
53053,Washington,Pierce,101
55093,Wisconsin,Pierce,0
01109,Alabama,Pike,5
05109,Arkansas,Pike,0
13231,Georgia,Pike,3
17149,Illinois,Pike,0
18125,Indiana,Pike,0
21195,Kentucky,Pike,2
28113,Mississippi,Pike,12
29163,Missouri,Pike,1
39131,Ohio,Pike,0
42103,Pennsylvania,Pike,20
04019,Arizona,Pima,273
04021,Arizona,Pinal,67
27115,Minnesota,Pine,0
12103,Florida,Pinellas,166
27117,Minnesota,Pipestone,1
23021,Maine,Piscataquis,0
08097,Colorado,Pitkin,2
37147,North Carolina,Pitt,7
40121,Oklahoma,Pittsburg,3
51143,Virginia,Pittsylvania,1
06061,California,Placer,11
22075,Louisiana,Plaquemines,17
29165,Missouri,Platte,6
31141,Nebraska,Platte,3
56031,Wyoming,Platte,0
54073,West Virginia,Pleasants,0
06063,California,Plumas,0
19149,Iowa,Plymouth,4
25023,Massachusetts,Plymouth,665
19151,Iowa,Pocahontas,1
54075,West Virginia,Pocahontas,0
05111,Arkansas,Poinsett,3
22077,Louisiana,Pointe Coupee,27
05113,Arkansas,Polk,0
12105,Florida,Polk,98
13233,Georgia,Polk,2
19153,Iowa,Polk,177
27119,Minnesota,Polk,2
29167,Missouri,Polk,0
31143,Nebraska,Polk,0
37149,North Carolina,Polk,4
41053,Oregon,Polk,12
47139,Tennessee,Polk,0
48373,Texas,Polk,0
55095,Wisconsin,Polk,1
30073,Montana,Pondera,0
28115,Mississippi,Pontotoc,4
40123,Oklahoma,Pontotoc,2
05115,Arkansas,Pope,3
17151,Illinois,Pope,0
27121,Minnesota,Pope,0
51735,Virginia,Poquoson,0
39133,Ohio,Portage,58
55097,Wisconsin,Portage,0
18127,Indiana,Porter,36
51740,Virginia,Portsmouth,16
18129,Indiana,Posey,0
20149,Kansas,Pottawatomie,0
40125,Oklahoma,Pottawatomie,4
19155,Iowa,Pottawattamie,11
42105,Pennsylvania,Potter,0
48375,Texas,Potter,39
21197,Kentucky,Powell,0
16077,Idaho,Power,0
19157,Iowa,Poweshiek,8
51145,Virginia,Powhatan,2
05117,Arkansas,Prairie,0
20151,Kansas,Pratt,0
39135,Ohio,Preble,1
28117,Mississippi,Prentiss,3
48377,Texas,Presidio,0
26141,Michigan,Presque Isle,0
54077,West Virginia,Preston,2
55099,Wisconsin,Price,0
51147,Virginia,Prince Edward,3
51149,Virginia,Prince George,1
24033,Maryland,Prince George's,682
51153,Virginia,Prince William,144
02198,Alaska,Prince of Wales-Hyder,0
44007,Rhode Island,Providence,0
08099,Colorado,Prowers,0
08101,Colorado,Pueblo,28
05119,Arkansas,Pulaski,58
13235,Georgia,Pulaski,2
17153,Illinois,Pulaski,0
18131,Indiana,Pulaski,1
21199,Kentucky,Pulaski,2
29169,Missouri,Pulaski,1
51155,Virginia,Pulaski,2
40127,Oklahoma,Pushmataha,0
12107,Florida,Putnam,6
13237,Georgia,Putnam,12
17155,Illinois,Putnam,0
18133,Indiana,Putnam,8
29171,Missouri,Putnam,0
36079,New York,Putnam,63
39137,Ohio,Putnam,16
47141,Tennessee,Putnam,7
54079,West Virginia,Putnam,0
35037,New Mexico,Quay,1
24035,Maryland,Queen Anne's,17
13239,Georgia,Quitman,1
28119,Mississippi,Quitman,0
13241,Georgia,Rabun,3
55101,Wisconsin,Racine,63
51750,Virginia,Radford,0
48379,Texas,Rains,0
54081,West Virginia,Raleigh,0
29173,Missouri,Ralls,0
27123,Minnesota,Ramsey,217
38071,North Dakota,Ramsey,1
48381,Texas,Randall,7
01111,Alabama,Randolph,9
05121,Arkansas,Randolph,1
13243,Georgia,Randolph,25
17157,Illinois,Randolph,7
18135,Indiana,Randolph,4
29175,Missouri,Randolph,0
37151,North Carolina,Randolph,30
54083,West Virginia,Randolph,0
28121,Mississippi,Rankin,12
38073,North Dakota,Ransom,0
22079,Louisiana,Rapides,59
51157,Virginia,Rappahannock,0
30081,Montana,Ravalli,0
29177,Missouri,Ray,0
48383,Texas,Reagan,0
48385,Texas,Real,0
27125,Minnesota,Red Lake,0
22081,Louisiana,Red River,8
48387,Texas,Red River,10
31145,Nebraska,Red Willow,0
27127,Minnesota,Redwood,0
48389,Texas,Reeves,0
48391,Texas,Refugio,0
20155,Kansas,Reno,0
36083,New York,Rensselaer,28
27129,Minnesota,Renville,2
38075,North Dakota,Renville,0
20157,Kansas,Republic,0
29179,Missouri,Reynolds,0
47143,Tennessee,Rhea,0
20159,Kansas,Rice,0
27131,Minnesota,Rice,7
31147,Nebraska,Richardson,1
17159,Illinois,Richland,0
22083,Louisiana,Richland,4
30083,Montana,Richland,0
38077,North Dakota,Richland,0
39139,Ohio,Richland,5
45079,South Carolina,Richland,83
55103,Wisconsin,Richland,4
13245,Georgia,Richmond,48
37153,North Carolina,Richmond,6
51159,Virginia,Richmond,4
51760,Virginia,Richmond City,30
20161,Kansas,Riley,3
19159,Iowa,Ringgold,0
35039,New Mexico,Rio Arriba,1
08103,Colorado,Rio Blanco,0
08105,Colorado,Rio Grande,2
18137,Indiana,Ripley,7
29181,Missouri,Ripley,0
54085,West Virginia,Ritchie,0
06065,California,Riverside,457
47145,Tennessee,Roane,0
54087,West Virginia,Roane,1
51161,Virginia,Roanoke,6
51770,Virginia,Roanoke City,9
46109,South Dakota,Roberts,0
48393,Texas,Roberts,0
47147,Tennessee,Robertson,11
48395,Texas,Robertson,0
37155,North Carolina,Robeson,39
27133,Minnesota,Rock,0
31149,Nebraska,Rock,0
55105,Wisconsin,Rock,24
17161,Illinois,Rock Island,29
51163,Virginia,Rockbridge,0
21203,Kentucky,Rockcastle,0
13247,Georgia,Rockdale,11
33015,New Hampshire,Rockingham,89
37157,North Carolina,Rockingham,2
51165,Virginia,Rockingham,10
36087,New York,Rockland,667
48397,Texas,Rockwall,16
40131,Oklahoma,Rogers,6
38079,North Dakota,Rolette,0
20163,Kansas,Rooks,0
30085,Montana,Roosevelt,0
35041,New Mexico,Roosevelt,1
26143,Michigan,Roscommon,0
27135,Minnesota,Roseau,0
30087,Montana,Rosebud,1
39141,Ohio,Ross,2
08107,Colorado,Routt,6
21205,Kentucky,Rowan,0
37159,North Carolina,Rowan,42
48399,Texas,Runnels,0
18139,Indiana,Rush,3
20165,Kansas,Rush,0
48401,Texas,Rusk,3
55107,Wisconsin,Rusk,0
01113,Alabama,Russell,0
21207,Kentucky,Russell,4
51167,Virginia,Russell,0
37161,North Carolina,Rutherford,9
47149,Tennessee,Rutherford,34
50021,Vermont,Rutland,1
22085,Louisiana,Sabine,1
48403,Texas,Sabine,1
19161,Iowa,Sac,0
06067,California,Sacramento,68
23023,Maine,Sagadahoc,0
26145,Michigan,Saginaw,123
08109,Colorado,Saguache,2
34033,New Jersey,Salem,75
51775,Virginia,Salem,3
05125,Arkansas,Saline,2
17165,Illinois,Saline,0
20169,Kansas,Saline,2
29195,Missouri,Saline,4
31151,Nebraska,Saline,2
49035,Utah,Salt Lake,107
45081,South Carolina,Saluda,1
37163,North Carolina,Sampson,6
48405,Texas,San Augustine,7
06069,California,San Benito,2
06071,California,San Bernardino,253
06073,California,San Diego,365
06075,California,San Francisco,50
48407,Texas,San Jacinto,0
06077,California,San Joaquin,52
08111,Colorado,San Juan,0
35045,New Mexico,San Juan,163
49037,Utah,San Juan,9
53055,Washington,San Juan,0
06079,California,San Luis Obispo,1
06081,California,San Mateo,108
08113,Colorado,San Miguel,0
35047,New Mexico,San Miguel,0
48409,Texas,San Patricio,0
48411,Texas,San Saba,0
46111,South Dakota,Sanborn,0
35043,New Mexico,Sandoval,29
39143,Ohio,Sandusky,13
17167,Illinois,Sangamon,31
26151,Michigan,Sanilac,6
06083,California,Santa Barbara,29
06085,California,Santa Clara,156
04023,Arizona,Santa Cruz,22
06087,California,Santa Cruz,3
35049,New Mexico,Santa Fe,3
12113,Florida,Santa Rosa,9
12115,Florida,Sarasota,97
36091,New York,Saratoga,14
38081,North Dakota,Sargent,0
31153,Nebraska,Sarpy,8
55111,Wisconsin,Sauk,3
31155,Nebraska,Saunders,2
55113,Wisconsin,Sawyer,0
36093,New York,Schenectady,37
48413,Texas,Schleicher,0
13249,Georgia,Schley,1
36095,New York,Schoharie,0
26153,Michigan,Schoolcraft,0
17169,Illinois,Schuyler,0
29197,Missouri,Schuyler,0
36097,New York,Schuyler,0
42107,Pennsylvania,Schuylkill,44
39145,Ohio,Scioto,0
29199,Missouri,Scotland,1
37165,North Carolina,Scotland,2
05127,Arkansas,Scott,0
17171,Illinois,Scott,0
18143,Indiana,Scott,7
19163,Iowa,Scott,10
20171,Kansas,Scott,0
21209,Kentucky,Scott,0
27139,Minnesota,Scott,4
28123,Mississippi,Scott,15
29201,Missouri,Scott,11
47151,Tennessee,Scott,0
51169,Virginia,Scott,2
31157,Nebraska,Scotts Bluff,3
13251,Georgia,Screven,6
48415,Texas,Scurry,0
05129,Arkansas,Searcy,0
05131,Arkansas,Sebastian,5
20173,Kansas,Sedgwick,28
12117,Florida,Seminole,16
13253,Georgia,Seminole,2
40133,Oklahoma,Seminole,3
36099,New York,Seneca,0
39147,Ohio,Seneca,2
47153,Tennessee,Sequatchie,0
40135,Oklahoma,Sequoyah,3
05133,Arkansas,Sevier,7
47155,Tennessee,Sevier,3
20175,Kansas,Seward,2
31159,Nebraska,Seward,1
48417,Texas,Shackelford,0
29203,Missouri,Shannon,0
28125,Mississippi,Sharkey,0
05135,Arkansas,Sharp,4
06089,California,Shasta,4
55115,Wisconsin,Shawano,0
20177,Kansas,Shawnee,11
55117,Wisconsin,Sheboygan,4
01117,Alabama,Shelby,23
17173,Illinois,Shelby,1
18145,Indiana,Shelby,25
19165,Iowa,Shelby,0
21211,Kentucky,Shelby,11
29205,Missouri,Shelby,0
39149,Ohio,Shelby,4
47157,Tennessee,Shelby,192
48419,Texas,Shelby,9
51171,Virginia,Shenandoah,29
27141,Minnesota,Sherburne,4
20179,Kansas,Sheridan,0
31161,Nebraska,Sheridan,0
38083,North Dakota,Sheridan,0
56033,Wyoming,Sheridan,0
20181,Kansas,Sherman,0
31163,Nebraska,Sherman,0
41055,Oregon,Sherman,0
48421,Texas,Sherman,0
26155,Michigan,Shiawassee,28
27143,Minnesota,Sibley,2
06091,California,Sierra,0
35051,New Mexico,Sierra,0
30093,Montana,Silver Bow,0
21213,Kentucky,Simpson,3
28127,Mississippi,Simpson,3
19167,Iowa,Sioux,0
31165,Nebraska,Sioux,0
38085,North Dakota,Sioux,0
06093,California,Siskiyou,0
02220,Alaska,Sitka,0
53057,Washington,Skagit,15
53059,Washington,Skamania,0
38087,North Dakota,Slope,0
20183,Kansas,Smith,0
28129,Mississippi,Smith,11
47159,Tennessee,Smith,1
48423,Texas,Smith,4
51173,Virginia,Smyth,1
53061,Washington,Snohomish,171
42109,Pennsylvania,Snyder,2
35053,New Mexico,Socorro,5
06095,California,Solano,24
23025,Maine,Somerset,0
24039,Maryland,Somerset,3
34035,New Jersey,Somerset,528
42111,Pennsylvania,Somerset,1
48425,Texas,Somervell,0
06097,California,Sonoma,7
51175,Virginia,Southampton,4
02240,Alaska,Southeast Fairbanks,0
   NA,Utah,Southeast Utah,0
   NA,Utah,Southwest Utah,11
13255,Georgia,Spalding,32
45083,South Carolina,Spartanburg,48
18147,Indiana,Spencer,1
21215,Kentucky,Spencer,0
46115,South Dakota,Spink,0
53063,Washington,Spokane,40
51177,Virginia,Spotsylvania,29
22087,Louisiana,St. Bernard,23
22089,Louisiana,St. Charles,49
29183,Missouri,St. Charles,73
01115,Alabama,St. Clair,2
17163,Illinois,St. Clair,135
26147,Michigan,St. Clair,50
29185,Missouri,St. Clair,0
55109,Wisconsin,St. Croix,1
05123,Arkansas,St. Francis,3
29187,Missouri,St. Francois,2
22091,Louisiana,St. Helena,1
22093,Louisiana,St. James,29
22095,Louisiana,St. John the Baptist,86
12109,Florida,St. Johns,7
18141,Indiana,St. Joseph,65
26149,Michigan,St. Joseph,4
22097,Louisiana,St. Landry,57
36089,New York,St. Lawrence,2
27137,Minnesota,St. Louis,14
29189,Missouri,St. Louis,568
29510,Missouri,St. Louis City,156
12111,Florida,St. Lucie,47
22099,Louisiana,St. Martin,26
22101,Louisiana,St. Mary,38
24037,Maryland,St. Mary's,51
22103,Louisiana,St. Tammany,175
20185,Kansas,Stafford,0
51179,Virginia,Stafford,5
06099,California,Stanislaus,42
46117,South Dakota,Stanley,0
37167,North Carolina,Stanly,5
20187,Kansas,Stanton,0
31167,Nebraska,Stanton,0
17175,Illinois,Stark,0
38089,North Dakota,Stark,2
39151,Ohio,Stark,112
18149,Indiana,Starke,3
48427,Texas,Starr,3
51790,Virginia,Staunton,0
29186,Missouri,Ste. Genevieve,1
27145,Minnesota,Stearns,19
27147,Minnesota,Steele,0
38091,North Dakota,Steele,0
13257,Georgia,Stephens,6
40137,Oklahoma,Stephens,1
48429,Texas,Stephens,0
17177,Illinois,Stephenson,5
18151,Indiana,Steuben,2
36101,New York,Steuben,41
20189,Kansas,Stevens,0
27149,Minnesota,Stevens,0
53065,Washington,Stevens,1
13259,Georgia,Stewart,3
47161,Tennessee,Stewart,0
30095,Montana,Stillwater,0
29207,Missouri,Stoddard,8
37169,North Carolina,Stokes,1
05137,Arkansas,Stone,0
28131,Mississippi,Stone,1
29209,Missouri,Stone,0
32029,Nevada,Storey,0
19169,Iowa,Story,3
33017,New Hampshire,Strafford,13
38093,North Dakota,Stutsman,1
56035,Wyoming,Sublette,0
25025,Massachusetts,Suffolk,1002
36103,New York,Suffolk,1981
51800,Virginia,Suffolk,34
18153,Indiana,Sullivan,1
29211,Missouri,Sullivan,0
33019,New Hampshire,Sullivan,1
36105,New York,Sullivan,45
42113,Pennsylvania,Sullivan,0
47163,Tennessee,Sullivan,2
46119,South Dakota,Sully,0
54089,West Virginia,Summers,0
08117,Colorado,Summit,3
39153,Ohio,Summit,205
49043,Utah,Summit,0
20191,Kansas,Sumner,1
47165,Tennessee,Sumner,52
01119,Alabama,Sumter,12
12119,Florida,Sumter,17
13261,Georgia,Sumter,50
45085,South Carolina,Sumter,23
28133,Mississippi,Sunflower,6
37171,North Carolina,Surry,2
51181,Virginia,Surry,1
42115,Pennsylvania,Susquehanna,23
10005,Delaware,Sussex,176
34037,New Jersey,Sussex,191
51183,Virginia,Sussex,2
06101,California,Sutter,3
48435,Texas,Sutton,0
12121,Florida,Suwannee,20
37173,North Carolina,Swain,0
56037,Wyoming,Sweetwater,0
27151,Minnesota,Swift,1
48437,Texas,Swisher,1
18155,Indiana,Switzerland,0
13263,Georgia,Talbot,2
24041,Maryland,Talbot,4
13265,Georgia,Taliaferro,0
01121,Alabama,Talladega,6
28135,Mississippi,Tallahatchie,3
01123,Alabama,Tallapoosa,69
19171,Iowa,Tama,29
29213,Missouri,Taney,2
22105,Louisiana,Tangipahoa,43
35055,New Mexico,Taos,1
48439,Texas,Tarrant,228
28137,Mississippi,Tate,7
13267,Georgia,Tattnall,0
12123,Florida,Taylor,0
13269,Georgia,Taylor,2
19173,Iowa,Taylor,0
21217,Kentucky,Taylor,1
48441,Texas,Taylor,5
54091,West Virginia,Taylor,0
55119,Wisconsin,Taylor,0
17179,Illinois,Tazewell,8
51185,Virginia,Tazewell,0
06103,California,Tehama,1
13271,Georgia,Telfair,3
08119,Colorado,Teller,2
22107,Louisiana,Tensas,0
22109,Louisiana,Terrebonne,61
13273,Georgia,Terrell,27
48443,Texas,Terrell,0
48445,Texas,Terry,0
16081,Idaho,Teton,0
56039,Wyoming,Teton,0
29215,Missouri,Texas,0
40139,Oklahoma,Texas,6
31169,Nebraska,Thayer,0
13275,Georgia,Thomas,32
20193,Kansas,Thomas,0
31171,Nebraska,Thomas,0
48447,Texas,Throckmorton,0
31173,Nebraska,Thurston,1
53067,Washington,Thurston,7
13277,Georgia,Tift,26
41057,Oregon,Tillamook,0
40141,Oklahoma,Tillman,1
36107,New York,Tioga,24
42117,Pennsylvania,Tioga,2
28139,Mississippi,Tippah,11
18157,Indiana,Tippecanoe,8
18159,Indiana,Tipton,1
47167,Tennessee,Tipton,4
28141,Mississippi,Tishomingo,1
48449,Texas,Titus,5
21219,Kentucky,Todd,0
27153,Minnesota,Todd,2
46121,South Dakota,Todd,1
09013,Connecticut,Tolland,64
48451,Texas,Tom Green,2
36109,New York,Tompkins,0
49045,Utah,Tooele,0
30101,Montana,Toole,6
13279,Georgia,Toombs,5
35057,New Mexico,Torrance,1
13281,Georgia,Towns,1
38097,North Dakota,Traill,0
37175,North Carolina,Transylvania,1
27155,Minnesota,Traverse,0
48453,Texas,Travis,121
30103,Montana,Treasure,0
20195,Kansas,Trego,0
55121,Wisconsin,Trempealeau,0
13283,Georgia,Treutlen,1
   NA,Utah,TriCounty,0
21221,Kentucky,Trigg,0
21223,Kentucky,Trimble,0
06105,California,Trinity,0
48455,Texas,Trinity,0
46123,South Dakota,Tripp,0
13285,Georgia,Troup,32
47169,Tennessee,Trousdale,5
39155,Ohio,Trumbull,62
54093,West Virginia,Tucker,0
06107,California,Tulare,126
40143,Oklahoma,Tulsa,67
28143,Mississippi,Tunica,3
06109,California,Tuolumne,0
13287,Georgia,Turner,16
46125,South Dakota,Turner,0
01125,Alabama,Tuscaloosa,36
39157,Ohio,Tuscarawas,10
26157,Michigan,Tuscola,26
13289,Georgia,Twiggs,1
16083,Idaho,Twin Falls,25
48457,Texas,Tyler,0
54095,West Virginia,Tyler,0
37177,North Carolina,Tyrrell,0
56041,Wyoming,Uinta,0
36111,New York,Ulster,85
41059,Oregon,Umatilla,4
90001,Alabama,Unassigned,24
90002,Alaska,Unassigned,0
90004,Arizona,Unassigned,1
90005,Arkansas,Unassigned,0
90006,California,Unassigned,0
90009,Connecticut,Unassigned,0
90010,Delaware,Unassigned,0
90012,Florida,Unassigned,0
90013,Georgia,Unassigned,2
90015,Hawaii,Unassigned,0
90016,Idaho,Unassigned,0
90017,Illinois,Unassigned,0
90018,Indiana,Unassigned,192
90019,Iowa,Unassigned,0
90020,Kansas,Unassigned,1
90021,Kentucky,Unassigned,0
90022,Louisiana,Unassigned,108
90023,Maine,Unassigned,0
90024,Maryland,Unassigned,29
90025,Massachusetts,Unassigned,7
90026,Michigan,Unassigned,0
90027,Minnesota,Unassigned,35
90028,Mississippi,Unassigned,0
90029,Missouri,Unassigned,0
90030,Montana,Unassigned,0
90031,Nebraska,Unassigned,1
90032,Nevada,Unassigned,0
90033,New Hampshire,Unassigned,0
90034,New Jersey,Unassigned,0
90035,New Mexico,Unassigned,0
90036,New York,Unassigned,0
90037,North Carolina,Unassigned,0
90038,North Dakota,Unassigned,0
90039,Ohio,Unassigned,0
90040,Oklahoma,Unassigned,0
90041,Oregon,Unassigned,0
90042,Pennsylvania,Unassigned,0
90044,Rhode Island,Unassigned,950
90045,South Carolina,Unassigned,0
90046,South Dakota,Unassigned,0
90047,Tennessee,Unassigned,0
90048,Texas,Unassigned,0
90049,Utah,Unassigned,0
90050,Vermont,Unassigned,0
90051,Virginia,Unassigned,0
90053,Washington,Unassigned,0
90054,West Virginia,Unassigned,0
90055,Wisconsin,Unassigned,0
90056,Wyoming,Unassigned,19
47171,Tennessee,Unicoi,0
05139,Arkansas,Union,13
12125,Florida,Union,2
13291,Georgia,Union,3
17181,Illinois,Union,19
18161,Indiana,Union,0
19175,Iowa,Union,0
21225,Kentucky,Union,0
22111,Louisiana,Union,24
28145,Mississippi,Union,9
34039,New Jersey,Union,1326
35059,New Mexico,Union,0
37179,North Carolina,Union,24
39159,Ohio,Union,1
41061,Oregon,Union,1
42119,Pennsylvania,Union,2
45087,South Carolina,Union,0
46127,South Dakota,Union,1
47173,Tennessee,Union,0
48459,Texas,Upshur,0
54097,West Virginia,Upshur,0
13293,Georgia,Upson,43
48461,Texas,Upton,0
49049,Utah,Utah,22
48463,Texas,Uvalde,1
48465,Texas,Val Verde,0
02261,Alaska,Valdez-Cordova,0
35061,New Mexico,Valencia,2
16085,Idaho,Valley,0
30105,Montana,Valley,0
31175,Nebraska,Valley,0
05141,Arkansas,Van Buren,2
19177,Iowa,Van Buren,0
26159,Michigan,Van Buren,8
47175,Tennessee,Van Buren,0
39161,Ohio,Van Wert,0
48467,Texas,Van Zandt,3
37181,North Carolina,Vance,36
18163,Indiana,Vanderburgh,6
42121,Pennsylvania,Venango,0
06111,California,Ventura,45
17183,Illinois,Vermilion,2
22113,Louisiana,Vermilion,6
18165,Indiana,Vermillion,0
22115,Louisiana,Vernon,8
29217,Missouri,Vernon,0
55123,Wisconsin,Vernon,0
48469,Texas,Victoria,8
18167,Indiana,Vigo,8
55125,Wisconsin,Vilas,0
39163,Ohio,Vinton,2
51810,Virginia,Virginia Beach,29
12127,Florida,Volusia,57
17185,Illinois,Wabash,0
18169,Indiana,Wabash,2
27157,Minnesota,Wabasha,0
20197,Kansas,Wabaunsee,0
27159,Minnesota,Wadena,0
40145,Oklahoma,Wagoner,19
53069,Washington,Wahkiakum,0
37183,North Carolina,Wake,47
12129,Florida,Wakulla,1
23027,Maine,Waldo,14
01127,Alabama,Walker,17
13295,Georgia,Walker,11
48471,Texas,Walker,28
53071,Washington,Walla Walla,3
48473,Texas,Waller,0
41063,Oregon,Wallowa,0
38099,North Dakota,Walsh,0
28147,Mississippi,Walthall,4
12131,Florida,Walton,9
13297,Georgia,Walton,28
46129,South Dakota,Walworth,0
55127,Wisconsin,Walworth,18
19179,Iowa,Wapello,30
38101,North Dakota,Ward,1
48475,Texas,Ward,0
13299,Georgia,Ware,15
13301,Georgia,Warren,0
17187,Illinois,Warren,0
18171,Indiana,Warren,1
19181,Iowa,Warren,2
21227,Kentucky,Warren,13
28149,Mississippi,Warren,17
29219,Missouri,Warren,0
34041,New Jersey,Warren,158
36113,New York,Warren,30
37185,North Carolina,Warren,5
39165,Ohio,Warren,21
42123,Pennsylvania,Warren,0
47177,Tennessee,Warren,0
51187,Virginia,Warren,5
18173,Indiana,Warrick,29
49051,Utah,Wasatch,3
41065,Oregon,Wasco,1
27161,Minnesota,Waseca,0
56043,Wyoming,Washakie,0
55129,Wisconsin,Washburn,0
01129,Alabama,Washington,7
05143,Arkansas,Washington,30
08121,Colorado,Washington,0
12133,Florida,Washington,12
13303,Georgia,Washington,1
16087,Idaho,Washington,0
17189,Illinois,Washington,0
18175,Indiana,Washington,1
19183,Iowa,Washington,9
20201,Kansas,Washington,0
21229,Kentucky,Washington,0
22117,Louisiana,Washington,46
23029,Maine,Washington,0
24043,Maryland,Washington,27
27163,Minnesota,Washington,40
28151,Mississippi,Washington,9
29221,Missouri,Washington,1
31177,Nebraska,Washington,1
36115,New York,Washington,14
37187,North Carolina,Washington,3
39167,Ohio,Washington,20
40147,Oklahoma,Washington,39
41067,Oregon,Washington,20
42125,Pennsylvania,Washington,6
44009,Rhode Island,Washington,0
47179,Tennessee,Washington,0
48477,Texas,Washington,31
50023,Vermont,Washington,1
51191,Virginia,Washington,4
55131,Wisconsin,Washington,15
40149,Oklahoma,Washita,0
32031,Nevada,Washoe,75
26161,Michigan,Washtenaw,105
37189,North Carolina,Watauga,0
27165,Minnesota,Watonwan,0
55133,Wisconsin,Waukesha,38
55135,Wisconsin,Waupaca,7
55137,Wisconsin,Waushara,0
13305,Georgia,Wayne,0
17191,Illinois,Wayne,1
18177,Indiana,Wayne,6
19185,Iowa,Wayne,0
21231,Kentucky,Wayne,0
26163,Michigan,Wayne,2720
28153,Mississippi,Wayne,11
29223,Missouri,Wayne,0
31179,Nebraska,Wayne,0
36117,New York,Wayne,3
37191,North Carolina,Wayne,26
39169,Ohio,Wayne,52
42127,Pennsylvania,Wayne,9
47181,Tennessee,Wayne,0
54099,West Virginia,Wayne,9
51820,Virginia,Waynesboro,0
47183,Tennessee,Weakley,1
48479,Texas,Webb,25
   NA,Utah,Weber-Morgan,13
13307,Georgia,Webster,1
19187,Iowa,Webster,2
21233,Kentucky,Webster,0
22119,Louisiana,Webster,11
28155,Mississippi,Webster,10
29225,Missouri,Webster,1
31181,Nebraska,Webster,0
54101,West Virginia,Webster,0
08123,Colorado,Weld,137
18179,Indiana,Wells,1
38103,North Dakota,Wells,0
22121,Louisiana,West Baton Rouge,30
22123,Louisiana,West Carroll,5
22125,Louisiana,West Feliciana,14
36119,New York,Westchester,1425
42129,Pennsylvania,Westmoreland,38
51193,Virginia,Westmoreland,2
56045,Wyoming,Weston,0
54103,West Virginia,Wetzel,0
26165,Michigan,Wexford,4
48481,Texas,Wharton,1
53073,Washington,Whatcom,40
30107,Montana,Wheatland,0
13309,Georgia,Wheeler,0
31183,Nebraska,Wheeler,0
41069,Oregon,Wheeler,0
48483,Texas,Wheeler,0
05145,Arkansas,White,1
13311,Georgia,White,4
17193,Illinois,White,0
18181,Indiana,White,10
47185,Tennessee,White,3
32033,Nevada,White Pine,0
17195,Illinois,Whiteside,15
13313,Georgia,Whitfield,10
18183,Indiana,Whitley,4
21235,Kentucky,Whitley,0
53075,Washington,Whitman,0
48485,Texas,Wichita,2
24045,Maryland,Wicomico,41
48487,Texas,Wilbarger,0
01131,Alabama,Wilcox,8
13315,Georgia,Wilcox,15
13317,Georgia,Wilkes,1
37193,North Carolina,Wilkes,6
27167,Minnesota,Wilkin,3
13319,Georgia,Wilkinson,8
28157,Mississippi,Wilkinson,9
17197,Illinois,Will,319
48489,Texas,Willacy,3
38105,North Dakota,Williams,0
39171,Ohio,Williams,2
45089,South Carolina,Williamsburg,15
51830,Virginia,Williamsburg,6
17199,Illinois,Williamson,4
47187,Tennessee,Williamson,14
48491,Texas,Williamson,39
20205,Kansas,Wilson,0
37195,North Carolina,Wilson,19
47189,Tennessee,Wilson,17
48493,Texas,Wilson,5
51840,Virginia,Winchester,3
09015,Connecticut,Windham,14
50025,Vermont,Windham,3
50027,Vermont,Windsor,2
48495,Texas,Winkler,0
22127,Louisiana,Winn,5
17201,Illinois,Winnebago,94
19189,Iowa,Winnebago,0
55139,Wisconsin,Winnebago,11
19191,Iowa,Winneshiek,0
27169,Minnesota,Winona,15
01133,Alabama,Winston,3
28159,Mississippi,Winston,5
54105,West Virginia,Wirt,0
48497,Texas,Wise,5
51195,Virginia,Wise,2
21237,Kentucky,Wolfe,0
39173,Ohio,Wood,51
48499,Texas,Wood,5
54107,West Virginia,Wood,2
55141,Wisconsin,Wood,1
19193,Iowa,Woodbury,44
17203,Illinois,Woodford,2
21239,Kentucky,Woodford,0
05147,Arkansas,Woodruff,0
40151,Oklahoma,Woods,0
20207,Kansas,Woodson,0
40153,Oklahoma,Woodward,0
24047,Maryland,Worcester,16
25027,Massachusetts,Worcester,920
13321,Georgia,Worth,22
19195,Iowa,Worth,0
29227,Missouri,Worth,0
02275,Alaska,Wrangell,0
19197,Iowa,Wright,0
27171,Minnesota,Wright,5
29229,Missouri,Wright,0
39175,Ohio,Wyandot,4
20209,Kansas,Wyandotte,82
36121,New York,Wyoming,5
42131,Pennsylvania,Wyoming,7
54109,West Virginia,Wyoming,0
51197,Virginia,Wythe,1
37197,North Carolina,Yadkin,4
53077,Washington,Yakima,158
28161,Mississippi,Yalobusha,7
41071,Oregon,Yamhill,8
37199,North Carolina,Yancey,0
46135,South Dakota,Yankton,0
36123,New York,Yates,6
04025,Arizona,Yavapai,9
28163,Mississippi,Yazoo,6
05149,Arkansas,Yell,3
27173,Minnesota,Yellow Medicine,0
30111,Montana,Yellowstone,4
48501,Texas,Yoakum,0
06113,California,Yolo,24
23031,Maine,York,11
31185,Nebraska,York,0
42133,Pennsylvania,York,48
45091,South Carolina,York,12
51199,Virginia,York,3
48503,Texas,Young,1
06115,California,Yuba,1
02290,Alaska,Yukon-Koyukuk,0
04027,Arizona,Yuma,94
08125,Colorado,Yuma,0
48505,Texas,Zapata,0
48507,Texas,Zavala,0
46137,South Dakota,Ziebach,0
88888,Diamond Princess,NA,0
99999,Grand Princess,NA,3
00066,Guam,NA,5
00069,Northern Mariana Islands,NA,2
00072,Puerto Rico,NA,153
   NA,Recovered,NA,0
00078,Virgin Islands,NA,6
