State,County,Ishispanic,Ethnicity,Ndeath
Mississippi,Adams,Total,NA,18
Mississippi,Adams,Non-Hispanic,African-American,11
Mississippi,Adams,Non-Hispanic,White,7
Mississippi,Adams,Non-Hispanic,American-Indian-Alaska-Native,0
Mississippi,Adams,Non-Hispanic,Asian,0
Mississippi,Adams,Non-Hispanic,Other,0
Mississippi,Adams,Non-Hispanic,Unknown,0
Mississippi,Adams,Hispanic,African-American,0
Mississippi,Adams,Hispanic,White,0
Mississippi,Adams,Hispanic,American-Indian-Alaska-Native,0
Mississippi,Adams,Hispanic,Asian,0
Mississippi,Adams,Hispanic,Other,0
Mississippi,Adams,Hispanic,Unknown,0
Mississippi,Adams,Unknown,African-American,0
Mississippi,Adams,Unknown,White,0
Mississippi,Adams,Unknown,American-Indian-Alaska-Native,0
Mississippi,Adams,Unknown,Asian,0
Mississippi,Adams,Unknown,Other,0
Mississippi,Adams,Unknown,Unknown,0
Mississippi,Alcorn,Total,NA,1
Mississippi,Alcorn,Non-Hispanic,African-American,0
Mississippi,Alcorn,Non-Hispanic,White,1
Mississippi,Alcorn,Non-Hispanic,American-Indian-Alaska-Native,0
Mississippi,Alcorn,Non-Hispanic,Asian,0
Mississippi,Alcorn,Non-Hispanic,Other,0
Mississippi,Alcorn,Non-Hispanic,Unknown,0
Mississippi,Alcorn,Hispanic,African-American,0
Mississippi,Alcorn,Hispanic,White,0
Mississippi,Alcorn,Hispanic,American-Indian-Alaska-Native,0
Mississippi,Alcorn,Hispanic,Asian,0
Mississippi,Alcorn,Hispanic,Other,0
Mississippi,Alcorn,Hispanic,Unknown,0
Mississippi,Alcorn,Unknown,African-American,0
Mississippi,Alcorn,Unknown,White,0
Mississippi,Alcorn,Unknown,American-Indian-Alaska-Native,0
Mississippi,Alcorn,Unknown,Asian,0
Mississippi,Alcorn,Unknown,Other,0
Mississippi,Alcorn,Unknown,Unknown,0
Mississippi,Amite,Total,NA,2
Mississippi,Amite,Non-Hispanic,African-American,1
Mississippi,Amite,Non-Hispanic,White,1
Mississippi,Amite,Non-Hispanic,American-Indian-Alaska-Native,0
Mississippi,Amite,Non-Hispanic,Asian,0
Mississippi,Amite,Non-Hispanic,Other,0
Mississippi,Amite,Non-Hispanic,Unknown,0
Mississippi,Amite,Hispanic,African-American,0
Mississippi,Amite,Hispanic,White,0
Mississippi,Amite,Hispanic,American-Indian-Alaska-Native,0
Mississippi,Amite,Hispanic,Asian,0
Mississippi,Amite,Hispanic,Other,0
Mississippi,Amite,Hispanic,Unknown,0
Mississippi,Amite,Unknown,African-American,0
Mississippi,Amite,Unknown,White,0
Mississippi,Amite,Unknown,American-Indian-Alaska-Native,0
Mississippi,Amite,Unknown,Asian,0
Mississippi,Amite,Unknown,Other,0
Mississippi,Amite,Unknown,Unknown,0
Mississippi,Attala,Total,NA,23
Mississippi,Attala,Non-Hispanic,African-American,4
Mississippi,Attala,Non-Hispanic,White,19
Mississippi,Attala,Non-Hispanic,American-Indian-Alaska-Native,0
Mississippi,Attala,Non-Hispanic,Asian,0
Mississippi,Attala,Non-Hispanic,Other,0
Mississippi,Attala,Non-Hispanic,Unknown,0
Mississippi,Attala,Hispanic,African-American,0
Mississippi,Attala,Hispanic,White,0
Mississippi,Attala,Hispanic,American-Indian-Alaska-Native,0
Mississippi,Attala,Hispanic,Asian,0
Mississippi,Attala,Hispanic,Other,0
Mississippi,Attala,Hispanic,Unknown,0
Mississippi,Attala,Unknown,African-American,0
Mississippi,Attala,Unknown,White,0
Mississippi,Attala,Unknown,American-Indian-Alaska-Native,0
Mississippi,Attala,Unknown,Asian,0
Mississippi,Attala,Unknown,Other,0
Mississippi,Attala,Unknown,Unknown,0
Mississippi,Benton,Total,NA,0
Mississippi,Benton,Non-Hispanic,African-American,0
Mississippi,Benton,Non-Hispanic,White,0
Mississippi,Benton,Non-Hispanic,American-Indian-Alaska-Native,0
Mississippi,Benton,Non-Hispanic,Asian,0
Mississippi,Benton,Non-Hispanic,Other,0
Mississippi,Benton,Non-Hispanic,Unknown,0
Mississippi,Benton,Hispanic,African-American,0
Mississippi,Benton,Hispanic,White,0
Mississippi,Benton,Hispanic,American-Indian-Alaska-Native,0
Mississippi,Benton,Hispanic,Asian,0
Mississippi,Benton,Hispanic,Other,0
Mississippi,Benton,Hispanic,Unknown,0
Mississippi,Benton,Unknown,African-American,0
Mississippi,Benton,Unknown,White,0
Mississippi,Benton,Unknown,American-Indian-Alaska-Native,0
Mississippi,Benton,Unknown,Asian,0
Mississippi,Benton,Unknown,Other,0
Mississippi,Benton,Unknown,Unknown,0
Mississippi,Bolivar,Total,NA,13
Mississippi,Bolivar,Non-Hispanic,African-American,10
Mississippi,Bolivar,Non-Hispanic,White,3
Mississippi,Bolivar,Non-Hispanic,American-Indian-Alaska-Native,0
Mississippi,Bolivar,Non-Hispanic,Asian,0
Mississippi,Bolivar,Non-Hispanic,Other,0
Mississippi,Bolivar,Non-Hispanic,Unknown,0
Mississippi,Bolivar,Hispanic,African-American,0
Mississippi,Bolivar,Hispanic,White,0
Mississippi,Bolivar,Hispanic,American-Indian-Alaska-Native,0
Mississippi,Bolivar,Hispanic,Asian,0
Mississippi,Bolivar,Hispanic,Other,0
Mississippi,Bolivar,Hispanic,Unknown,0
Mississippi,Bolivar,Unknown,African-American,0
Mississippi,Bolivar,Unknown,White,0
Mississippi,Bolivar,Unknown,American-Indian-Alaska-Native,0
Mississippi,Bolivar,Unknown,Asian,0
Mississippi,Bolivar,Unknown,Other,0
Mississippi,Bolivar,Unknown,Unknown,0
Mississippi,Calhoun,Total,NA,4
Mississippi,Calhoun,Non-Hispanic,African-American,1
Mississippi,Calhoun,Non-Hispanic,White,3
Mississippi,Calhoun,Non-Hispanic,American-Indian-Alaska-Native,0
Mississippi,Calhoun,Non-Hispanic,Asian,0
Mississippi,Calhoun,Non-Hispanic,Other,0
Mississippi,Calhoun,Non-Hispanic,Unknown,0
Mississippi,Calhoun,Hispanic,African-American,0
Mississippi,Calhoun,Hispanic,White,0
Mississippi,Calhoun,Hispanic,American-Indian-Alaska-Native,0
Mississippi,Calhoun,Hispanic,Asian,0
Mississippi,Calhoun,Hispanic,Other,0
Mississippi,Calhoun,Hispanic,Unknown,0
Mississippi,Calhoun,Unknown,African-American,0
Mississippi,Calhoun,Unknown,White,0
Mississippi,Calhoun,Unknown,American-Indian-Alaska-Native,0
Mississippi,Calhoun,Unknown,Asian,0
Mississippi,Calhoun,Unknown,Other,0
Mississippi,Calhoun,Unknown,Unknown,0
Mississippi,Carroll,Total,NA,11
Mississippi,Carroll,Non-Hispanic,African-American,6
Mississippi,Carroll,Non-Hispanic,White,4
Mississippi,Carroll,Non-Hispanic,American-Indian-Alaska-Native,0
Mississippi,Carroll,Non-Hispanic,Asian,0
Mississippi,Carroll,Non-Hispanic,Other,0
Mississippi,Carroll,Non-Hispanic,Unknown,0
Mississippi,Carroll,Hispanic,African-American,0
Mississippi,Carroll,Hispanic,White,0
Mississippi,Carroll,Hispanic,American-Indian-Alaska-Native,0
Mississippi,Carroll,Hispanic,Asian,0
Mississippi,Carroll,Hispanic,Other,0
Mississippi,Carroll,Hispanic,Unknown,0
Mississippi,Carroll,Unknown,African-American,0
Mississippi,Carroll,Unknown,White,1
Mississippi,Carroll,Unknown,American-Indian-Alaska-Native,0
Mississippi,Carroll,Unknown,Asian,0
Mississippi,Carroll,Unknown,Other,0
Mississippi,Carroll,Unknown,Unknown,0
Mississippi,Chickasaw,Total,NA,18
Mississippi,Chickasaw,Non-Hispanic,African-American,9
Mississippi,Chickasaw,Non-Hispanic,White,8
Mississippi,Chickasaw,Non-Hispanic,American-Indian-Alaska-Native,0
Mississippi,Chickasaw,Non-Hispanic,Asian,0
Mississippi,Chickasaw,Non-Hispanic,Other,0
Mississippi,Chickasaw,Non-Hispanic,Unknown,0
Mississippi,Chickasaw,Hispanic,African-American,0
Mississippi,Chickasaw,Hispanic,White,0
Mississippi,Chickasaw,Hispanic,American-Indian-Alaska-Native,1
Mississippi,Chickasaw,Hispanic,Asian,0
Mississippi,Chickasaw,Hispanic,Other,0
Mississippi,Chickasaw,Hispanic,Unknown,0
Mississippi,Chickasaw,Unknown,African-American,0
Mississippi,Chickasaw,Unknown,White,0
Mississippi,Chickasaw,Unknown,American-Indian-Alaska-Native,0
Mississippi,Chickasaw,Unknown,Asian,0
Mississippi,Chickasaw,Unknown,Other,0
Mississippi,Chickasaw,Unknown,Unknown,0
Mississippi,Choctaw,Total,NA,4
Mississippi,Choctaw,Non-Hispanic,African-American,1
Mississippi,Choctaw,Non-Hispanic,White,3
Mississippi,Choctaw,Non-Hispanic,American-Indian-Alaska-Native,0
Mississippi,Choctaw,Non-Hispanic,Asian,0
Mississippi,Choctaw,Non-Hispanic,Other,0
Mississippi,Choctaw,Non-Hispanic,Unknown,0
Mississippi,Choctaw,Hispanic,African-American,0
Mississippi,Choctaw,Hispanic,White,0
Mississippi,Choctaw,Hispanic,American-Indian-Alaska-Native,0
Mississippi,Choctaw,Hispanic,Asian,0
Mississippi,Choctaw,Hispanic,Other,0
Mississippi,Choctaw,Hispanic,Unknown,0
Mississippi,Choctaw,Unknown,African-American,0
Mississippi,Choctaw,Unknown,White,0
Mississippi,Choctaw,Unknown,American-Indian-Alaska-Native,0
Mississippi,Choctaw,Unknown,Asian,0
Mississippi,Choctaw,Unknown,Other,0
Mississippi,Choctaw,Unknown,Unknown,0
Mississippi,Claiborne,Total,NA,10
Mississippi,Claiborne,Non-Hispanic,African-American,8
Mississippi,Claiborne,Non-Hispanic,White,2
Mississippi,Claiborne,Non-Hispanic,American-Indian-Alaska-Native,0
Mississippi,Claiborne,Non-Hispanic,Asian,0
Mississippi,Claiborne,Non-Hispanic,Other,0
Mississippi,Claiborne,Non-Hispanic,Unknown,0
Mississippi,Claiborne,Hispanic,African-American,0
Mississippi,Claiborne,Hispanic,White,0
Mississippi,Claiborne,Hispanic,American-Indian-Alaska-Native,0
Mississippi,Claiborne,Hispanic,Asian,0
Mississippi,Claiborne,Hispanic,Other,0
Mississippi,Claiborne,Hispanic,Unknown,0
Mississippi,Claiborne,Unknown,African-American,0
Mississippi,Claiborne,Unknown,White,0
Mississippi,Claiborne,Unknown,American-Indian-Alaska-Native,0
Mississippi,Claiborne,Unknown,Asian,0
Mississippi,Claiborne,Unknown,Other,0
Mississippi,Claiborne,Unknown,Unknown,0
Mississippi,Clarke,Total,NA,24
Mississippi,Clarke,Non-Hispanic,African-American,10
Mississippi,Clarke,Non-Hispanic,White,14
Mississippi,Clarke,Non-Hispanic,American-Indian-Alaska-Native,0
Mississippi,Clarke,Non-Hispanic,Asian,0
Mississippi,Clarke,Non-Hispanic,Other,0
Mississippi,Clarke,Non-Hispanic,Unknown,0
Mississippi,Clarke,Hispanic,African-American,0
Mississippi,Clarke,Hispanic,White,0
Mississippi,Clarke,Hispanic,American-Indian-Alaska-Native,0
Mississippi,Clarke,Hispanic,Asian,0
Mississippi,Clarke,Hispanic,Other,0
Mississippi,Clarke,Hispanic,Unknown,0
Mississippi,Clarke,Unknown,African-American,0
Mississippi,Clarke,Unknown,White,0
Mississippi,Clarke,Unknown,American-Indian-Alaska-Native,0
Mississippi,Clarke,Unknown,Asian,0
Mississippi,Clarke,Unknown,Other,0
Mississippi,Clarke,Unknown,Unknown,0
Mississippi,Clay,Total,NA,10
Mississippi,Clay,Non-Hispanic,African-American,9
Mississippi,Clay,Non-Hispanic,White,0
Mississippi,Clay,Non-Hispanic,American-Indian-Alaska-Native,0
Mississippi,Clay,Non-Hispanic,Asian,0
Mississippi,Clay,Non-Hispanic,Other,0
Mississippi,Clay,Non-Hispanic,Unknown,0
Mississippi,Clay,Hispanic,African-American,0
Mississippi,Clay,Hispanic,White,0
Mississippi,Clay,Hispanic,American-Indian-Alaska-Native,0
Mississippi,Clay,Hispanic,Asian,0
Mississippi,Clay,Hispanic,Other,0
Mississippi,Clay,Hispanic,Unknown,0
Mississippi,Clay,Unknown,African-American,0
Mississippi,Clay,Unknown,White,1
Mississippi,Clay,Unknown,American-Indian-Alaska-Native,0
Mississippi,Clay,Unknown,Asian,0
Mississippi,Clay,Unknown,Other,0
Mississippi,Clay,Unknown,Unknown,0
Mississippi,Coahoma,Total,NA,6
Mississippi,Coahoma,Non-Hispanic,African-American,4
Mississippi,Coahoma,Non-Hispanic,White,0
Mississippi,Coahoma,Non-Hispanic,American-Indian-Alaska-Native,0
Mississippi,Coahoma,Non-Hispanic,Asian,0
Mississippi,Coahoma,Non-Hispanic,Other,0
Mississippi,Coahoma,Non-Hispanic,Unknown,0
Mississippi,Coahoma,Hispanic,African-American,0
Mississippi,Coahoma,Hispanic,White,0
Mississippi,Coahoma,Hispanic,American-Indian-Alaska-Native,0
Mississippi,Coahoma,Hispanic,Asian,0
Mississippi,Coahoma,Hispanic,Other,1
Mississippi,Coahoma,Hispanic,Unknown,0
Mississippi,Coahoma,Unknown,African-American,1
Mississippi,Coahoma,Unknown,White,0
Mississippi,Coahoma,Unknown,American-Indian-Alaska-Native,0
Mississippi,Coahoma,Unknown,Asian,0
Mississippi,Coahoma,Unknown,Other,0
Mississippi,Coahoma,Unknown,Unknown,0
Mississippi,Copiah,Total,NA,15
Mississippi,Copiah,Non-Hispanic,African-American,10
Mississippi,Copiah,Non-Hispanic,White,3
Mississippi,Copiah,Non-Hispanic,American-Indian-Alaska-Native,0
Mississippi,Copiah,Non-Hispanic,Asian,0
Mississippi,Copiah,Non-Hispanic,Other,0
Mississippi,Copiah,Non-Hispanic,Unknown,0
Mississippi,Copiah,Hispanic,African-American,0
Mississippi,Copiah,Hispanic,White,0
Mississippi,Copiah,Hispanic,American-Indian-Alaska-Native,0
Mississippi,Copiah,Hispanic,Asian,0
Mississippi,Copiah,Hispanic,Other,0
Mississippi,Copiah,Hispanic,Unknown,0
Mississippi,Copiah,Unknown,African-American,0
Mississippi,Copiah,Unknown,White,1
Mississippi,Copiah,Unknown,American-Indian-Alaska-Native,0
Mississippi,Copiah,Unknown,Asian,0
Mississippi,Copiah,Unknown,Other,0
Mississippi,Copiah,Unknown,Unknown,1
Mississippi,Covington,Total,NA,5
Mississippi,Covington,Non-Hispanic,African-American,1
Mississippi,Covington,Non-Hispanic,White,4
Mississippi,Covington,Non-Hispanic,American-Indian-Alaska-Native,0
Mississippi,Covington,Non-Hispanic,Asian,0
Mississippi,Covington,Non-Hispanic,Other,0
Mississippi,Covington,Non-Hispanic,Unknown,0
Mississippi,Covington,Hispanic,African-American,0
Mississippi,Covington,Hispanic,White,0
Mississippi,Covington,Hispanic,American-Indian-Alaska-Native,0
Mississippi,Covington,Hispanic,Asian,0
Mississippi,Covington,Hispanic,Other,0
Mississippi,Covington,Hispanic,Unknown,0
Mississippi,Covington,Unknown,African-American,0
Mississippi,Covington,Unknown,White,0
Mississippi,Covington,Unknown,American-Indian-Alaska-Native,0
Mississippi,Covington,Unknown,Asian,0
Mississippi,Covington,Unknown,Other,0
Mississippi,Covington,Unknown,Unknown,0
Mississippi,Desoto,Total,NA,16
Mississippi,Desoto,Non-Hispanic,African-American,5
Mississippi,Desoto,Non-Hispanic,White,7
Mississippi,Desoto,Non-Hispanic,American-Indian-Alaska-Native,0
Mississippi,Desoto,Non-Hispanic,Asian,0
Mississippi,Desoto,Non-Hispanic,Other,0
Mississippi,Desoto,Non-Hispanic,Unknown,0
Mississippi,Desoto,Hispanic,African-American,0
Mississippi,Desoto,Hispanic,White,1
Mississippi,Desoto,Hispanic,American-Indian-Alaska-Native,0
Mississippi,Desoto,Hispanic,Asian,0
Mississippi,Desoto,Hispanic,Other,0
Mississippi,Desoto,Hispanic,Unknown,0
Mississippi,Desoto,Unknown,African-American,2
Mississippi,Desoto,Unknown,White,1
Mississippi,Desoto,Unknown,American-Indian-Alaska-Native,0
Mississippi,Desoto,Unknown,Asian,0
Mississippi,Desoto,Unknown,Other,0
Mississippi,Desoto,Unknown,Unknown,0
Mississippi,Forrest,Total,NA,42
Mississippi,Forrest,Non-Hispanic,African-American,18
Mississippi,Forrest,Non-Hispanic,White,22
Mississippi,Forrest,Non-Hispanic,American-Indian-Alaska-Native,0
Mississippi,Forrest,Non-Hispanic,Asian,0
Mississippi,Forrest,Non-Hispanic,Other,0
Mississippi,Forrest,Non-Hispanic,Unknown,0
Mississippi,Forrest,Hispanic,African-American,0
Mississippi,Forrest,Hispanic,White,1
Mississippi,Forrest,Hispanic,American-Indian-Alaska-Native,0
Mississippi,Forrest,Hispanic,Asian,0
Mississippi,Forrest,Hispanic,Other,1
Mississippi,Forrest,Hispanic,Unknown,0
Mississippi,Forrest,Unknown,African-American,0
Mississippi,Forrest,Unknown,White,0
Mississippi,Forrest,Unknown,American-Indian-Alaska-Native,0
Mississippi,Forrest,Unknown,Asian,0
Mississippi,Forrest,Unknown,Other,0
Mississippi,Forrest,Unknown,Unknown,0
Mississippi,Franklin,Total,NA,2
Mississippi,Franklin,Non-Hispanic,African-American,1
Mississippi,Franklin,Non-Hispanic,White,1
Mississippi,Franklin,Non-Hispanic,American-Indian-Alaska-Native,0
Mississippi,Franklin,Non-Hispanic,Asian,0
Mississippi,Franklin,Non-Hispanic,Other,0
Mississippi,Franklin,Non-Hispanic,Unknown,0
Mississippi,Franklin,Hispanic,African-American,0
Mississippi,Franklin,Hispanic,White,0
Mississippi,Franklin,Hispanic,American-Indian-Alaska-Native,0
Mississippi,Franklin,Hispanic,Asian,0
Mississippi,Franklin,Hispanic,Other,0
Mississippi,Franklin,Hispanic,Unknown,0
Mississippi,Franklin,Unknown,African-American,0
Mississippi,Franklin,Unknown,White,0
Mississippi,Franklin,Unknown,American-Indian-Alaska-Native,0
Mississippi,Franklin,Unknown,Asian,0
Mississippi,Franklin,Unknown,Other,0
Mississippi,Franklin,Unknown,Unknown,0
Mississippi,George,Total,NA,3
Mississippi,George,Non-Hispanic,African-American,1
Mississippi,George,Non-Hispanic,White,1
Mississippi,George,Non-Hispanic,American-Indian-Alaska-Native,0
Mississippi,George,Non-Hispanic,Asian,0
Mississippi,George,Non-Hispanic,Other,0
Mississippi,George,Non-Hispanic,Unknown,0
Mississippi,George,Hispanic,African-American,0
Mississippi,George,Hispanic,White,1
Mississippi,George,Hispanic,American-Indian-Alaska-Native,0
Mississippi,George,Hispanic,Asian,0
Mississippi,George,Hispanic,Other,0
Mississippi,George,Hispanic,Unknown,0
Mississippi,George,Unknown,African-American,0
Mississippi,George,Unknown,White,0
Mississippi,George,Unknown,American-Indian-Alaska-Native,0
Mississippi,George,Unknown,Asian,0
Mississippi,George,Unknown,Other,0
Mississippi,George,Unknown,Unknown,0
Mississippi,Greene,Total,NA,7
Mississippi,Greene,Non-Hispanic,African-American,2
Mississippi,Greene,Non-Hispanic,White,4
Mississippi,Greene,Non-Hispanic,American-Indian-Alaska-Native,0
Mississippi,Greene,Non-Hispanic,Asian,0
Mississippi,Greene,Non-Hispanic,Other,0
Mississippi,Greene,Non-Hispanic,Unknown,0
Mississippi,Greene,Hispanic,African-American,0
Mississippi,Greene,Hispanic,White,0
Mississippi,Greene,Hispanic,American-Indian-Alaska-Native,0
Mississippi,Greene,Hispanic,Asian,0
Mississippi,Greene,Hispanic,Other,0
Mississippi,Greene,Hispanic,Unknown,0
Mississippi,Greene,Unknown,African-American,1
Mississippi,Greene,Unknown,White,0
Mississippi,Greene,Unknown,American-Indian-Alaska-Native,0
Mississippi,Greene,Unknown,Asian,0
Mississippi,Greene,Unknown,Other,0
Mississippi,Greene,Unknown,Unknown,0
Mississippi,Grenada,Total,NA,5
Mississippi,Grenada,Non-Hispanic,African-American,1
Mississippi,Grenada,Non-Hispanic,White,3
Mississippi,Grenada,Non-Hispanic,American-Indian-Alaska-Native,0
Mississippi,Grenada,Non-Hispanic,Asian,0
Mississippi,Grenada,Non-Hispanic,Other,0
Mississippi,Grenada,Non-Hispanic,Unknown,0
Mississippi,Grenada,Hispanic,African-American,0
Mississippi,Grenada,Hispanic,White,0
Mississippi,Grenada,Hispanic,American-Indian-Alaska-Native,0
Mississippi,Grenada,Hispanic,Asian,0
Mississippi,Grenada,Hispanic,Other,0
Mississippi,Grenada,Hispanic,Unknown,0
Mississippi,Grenada,Unknown,African-American,0
Mississippi,Grenada,Unknown,White,1
Mississippi,Grenada,Unknown,American-Indian-Alaska-Native,0
Mississippi,Grenada,Unknown,Asian,0
Mississippi,Grenada,Unknown,Other,0
Mississippi,Grenada,Unknown,Unknown,0
Mississippi,Hancock,Total,NA,13
Mississippi,Hancock,Non-Hispanic,African-American,1
Mississippi,Hancock,Non-Hispanic,White,12
Mississippi,Hancock,Non-Hispanic,American-Indian-Alaska-Native,0
Mississippi,Hancock,Non-Hispanic,Asian,0
Mississippi,Hancock,Non-Hispanic,Other,0
Mississippi,Hancock,Non-Hispanic,Unknown,0
Mississippi,Hancock,Hispanic,African-American,0
Mississippi,Hancock,Hispanic,White,0
Mississippi,Hancock,Hispanic,American-Indian-Alaska-Native,0
Mississippi,Hancock,Hispanic,Asian,0
Mississippi,Hancock,Hispanic,Other,0
Mississippi,Hancock,Hispanic,Unknown,0
Mississippi,Hancock,Unknown,African-American,0
Mississippi,Hancock,Unknown,White,0
Mississippi,Hancock,Unknown,American-Indian-Alaska-Native,0
Mississippi,Hancock,Unknown,Asian,0
Mississippi,Hancock,Unknown,Other,0
Mississippi,Hancock,Unknown,Unknown,0
Mississippi,Harrison,Total,NA,8
Mississippi,Harrison,Non-Hispanic,African-American,2
Mississippi,Harrison,Non-Hispanic,White,5
Mississippi,Harrison,Non-Hispanic,American-Indian-Alaska-Native,0
Mississippi,Harrison,Non-Hispanic,Asian,0
Mississippi,Harrison,Non-Hispanic,Other,0
Mississippi,Harrison,Non-Hispanic,Unknown,0
Mississippi,Harrison,Hispanic,African-American,0
Mississippi,Harrison,Hispanic,White,0
Mississippi,Harrison,Hispanic,American-Indian-Alaska-Native,0
Mississippi,Harrison,Hispanic,Asian,0
Mississippi,Harrison,Hispanic,Other,0
Mississippi,Harrison,Hispanic,Unknown,0
Mississippi,Harrison,Unknown,African-American,0
Mississippi,Harrison,Unknown,White,1
Mississippi,Harrison,Unknown,American-Indian-Alaska-Native,0
Mississippi,Harrison,Unknown,Asian,0
Mississippi,Harrison,Unknown,Other,0
Mississippi,Harrison,Unknown,Unknown,0
Mississippi,Hinds,Total,NA,39
Mississippi,Hinds,Non-Hispanic,African-American,25
Mississippi,Hinds,Non-Hispanic,White,9
Mississippi,Hinds,Non-Hispanic,American-Indian-Alaska-Native,0
Mississippi,Hinds,Non-Hispanic,Asian,0
Mississippi,Hinds,Non-Hispanic,Other,2
Mississippi,Hinds,Non-Hispanic,Unknown,0
Mississippi,Hinds,Hispanic,African-American,0
Mississippi,Hinds,Hispanic,White,0
Mississippi,Hinds,Hispanic,American-Indian-Alaska-Native,0
Mississippi,Hinds,Hispanic,Asian,0
Mississippi,Hinds,Hispanic,Other,1
Mississippi,Hinds,Hispanic,Unknown,0
Mississippi,Hinds,Unknown,African-American,2
Mississippi,Hinds,Unknown,White,0
Mississippi,Hinds,Unknown,American-Indian-Alaska-Native,0
Mississippi,Hinds,Unknown,Asian,0
Mississippi,Hinds,Unknown,Other,0
Mississippi,Hinds,Unknown,Unknown,0
Mississippi,Holmes,Total,NA,41
Mississippi,Holmes,Non-Hispanic,African-American,36
Mississippi,Holmes,Non-Hispanic,White,3
Mississippi,Holmes,Non-Hispanic,American-Indian-Alaska-Native,1
Mississippi,Holmes,Non-Hispanic,Asian,0
Mississippi,Holmes,Non-Hispanic,Other,0
Mississippi,Holmes,Non-Hispanic,Unknown,0
Mississippi,Holmes,Hispanic,African-American,0
Mississippi,Holmes,Hispanic,White,0
Mississippi,Holmes,Hispanic,American-Indian-Alaska-Native,0
Mississippi,Holmes,Hispanic,Asian,0
Mississippi,Holmes,Hispanic,Other,0
Mississippi,Holmes,Hispanic,Unknown,0
Mississippi,Holmes,Unknown,African-American,1
Mississippi,Holmes,Unknown,White,0
Mississippi,Holmes,Unknown,American-Indian-Alaska-Native,0
Mississippi,Holmes,Unknown,Asian,0
Mississippi,Holmes,Unknown,Other,0
Mississippi,Holmes,Unknown,Unknown,0
Mississippi,Humphreys,Total,NA,9
Mississippi,Humphreys,Non-Hispanic,African-American,6
Mississippi,Humphreys,Non-Hispanic,White,3
Mississippi,Humphreys,Non-Hispanic,American-Indian-Alaska-Native,0
Mississippi,Humphreys,Non-Hispanic,Asian,0
Mississippi,Humphreys,Non-Hispanic,Other,0
Mississippi,Humphreys,Non-Hispanic,Unknown,0
Mississippi,Humphreys,Hispanic,African-American,0
Mississippi,Humphreys,Hispanic,White,0
Mississippi,Humphreys,Hispanic,American-Indian-Alaska-Native,0
Mississippi,Humphreys,Hispanic,Asian,0
Mississippi,Humphreys,Hispanic,Other,0
Mississippi,Humphreys,Hispanic,Unknown,0
Mississippi,Humphreys,Unknown,African-American,0
Mississippi,Humphreys,Unknown,White,0
Mississippi,Humphreys,Unknown,American-Indian-Alaska-Native,0
Mississippi,Humphreys,Unknown,Asian,0
Mississippi,Humphreys,Unknown,Other,0
Mississippi,Humphreys,Unknown,Unknown,0
Mississippi,Issaquena,Total,NA,1
Mississippi,Issaquena,Non-Hispanic,African-American,0
Mississippi,Issaquena,Non-Hispanic,White,0
Mississippi,Issaquena,Non-Hispanic,American-Indian-Alaska-Native,0
Mississippi,Issaquena,Non-Hispanic,Asian,0
Mississippi,Issaquena,Non-Hispanic,Other,0
Mississippi,Issaquena,Non-Hispanic,Unknown,0
Mississippi,Issaquena,Hispanic,African-American,0
Mississippi,Issaquena,Hispanic,White,0
Mississippi,Issaquena,Hispanic,American-Indian-Alaska-Native,0
Mississippi,Issaquena,Hispanic,Asian,0
Mississippi,Issaquena,Hispanic,Other,0
Mississippi,Issaquena,Hispanic,Unknown,0
Mississippi,Issaquena,Unknown,African-American,0
Mississippi,Issaquena,Unknown,White,0
Mississippi,Issaquena,Unknown,American-Indian-Alaska-Native,0
Mississippi,Issaquena,Unknown,Asian,0
Mississippi,Issaquena,Unknown,Other,1
Mississippi,Issaquena,Unknown,Unknown,0
Mississippi,Itawamba,Total,NA,8
Mississippi,Itawamba,Non-Hispanic,African-American,1
Mississippi,Itawamba,Non-Hispanic,White,7
Mississippi,Itawamba,Non-Hispanic,American-Indian-Alaska-Native,0
Mississippi,Itawamba,Non-Hispanic,Asian,0
Mississippi,Itawamba,Non-Hispanic,Other,0
Mississippi,Itawamba,Non-Hispanic,Unknown,0
Mississippi,Itawamba,Hispanic,African-American,0
Mississippi,Itawamba,Hispanic,White,0
Mississippi,Itawamba,Hispanic,American-Indian-Alaska-Native,0
Mississippi,Itawamba,Hispanic,Asian,0
Mississippi,Itawamba,Hispanic,Other,0
Mississippi,Itawamba,Hispanic,Unknown,0
Mississippi,Itawamba,Unknown,African-American,0
Mississippi,Itawamba,Unknown,White,0
Mississippi,Itawamba,Unknown,American-Indian-Alaska-Native,0
Mississippi,Itawamba,Unknown,Asian,0
Mississippi,Itawamba,Unknown,Other,0
Mississippi,Itawamba,Unknown,Unknown,0
Mississippi,Jackson,Total,NA,16
Mississippi,Jackson,Non-Hispanic,African-American,8
Mississippi,Jackson,Non-Hispanic,White,7
Mississippi,Jackson,Non-Hispanic,American-Indian-Alaska-Native,0
Mississippi,Jackson,Non-Hispanic,Asian,0
Mississippi,Jackson,Non-Hispanic,Other,0
Mississippi,Jackson,Non-Hispanic,Unknown,0
Mississippi,Jackson,Hispanic,African-American,0
Mississippi,Jackson,Hispanic,White,0
Mississippi,Jackson,Hispanic,American-Indian-Alaska-Native,0
Mississippi,Jackson,Hispanic,Asian,0
Mississippi,Jackson,Hispanic,Other,1
Mississippi,Jackson,Hispanic,Unknown,0
Mississippi,Jackson,Unknown,African-American,0
Mississippi,Jackson,Unknown,White,0
Mississippi,Jackson,Unknown,American-Indian-Alaska-Native,0
Mississippi,Jackson,Unknown,Asian,0
Mississippi,Jackson,Unknown,Other,0
Mississippi,Jackson,Unknown,Unknown,0
Mississippi,Jasper,Total,NA,6
Mississippi,Jasper,Non-Hispanic,African-American,5
Mississippi,Jasper,Non-Hispanic,White,1
Mississippi,Jasper,Non-Hispanic,American-Indian-Alaska-Native,0
Mississippi,Jasper,Non-Hispanic,Asian,0
Mississippi,Jasper,Non-Hispanic,Other,0
Mississippi,Jasper,Non-Hispanic,Unknown,0
Mississippi,Jasper,Hispanic,African-American,0
Mississippi,Jasper,Hispanic,White,0
Mississippi,Jasper,Hispanic,American-Indian-Alaska-Native,0
Mississippi,Jasper,Hispanic,Asian,0
Mississippi,Jasper,Hispanic,Other,0
Mississippi,Jasper,Hispanic,Unknown,0
Mississippi,Jasper,Unknown,African-American,0
Mississippi,Jasper,Unknown,White,0
Mississippi,Jasper,Unknown,American-Indian-Alaska-Native,0
Mississippi,Jasper,Unknown,Asian,0
Mississippi,Jasper,Unknown,Other,0
Mississippi,Jasper,Unknown,Unknown,0
Mississippi,Jefferson,Total,NA,3
Mississippi,Jefferson,Non-Hispanic,African-American,3
Mississippi,Jefferson,Non-Hispanic,White,0
Mississippi,Jefferson,Non-Hispanic,American-Indian-Alaska-Native,0
Mississippi,Jefferson,Non-Hispanic,Asian,0
Mississippi,Jefferson,Non-Hispanic,Other,0
Mississippi,Jefferson,Non-Hispanic,Unknown,0
Mississippi,Jefferson,Hispanic,African-American,0
Mississippi,Jefferson,Hispanic,White,0
Mississippi,Jefferson,Hispanic,American-Indian-Alaska-Native,0
Mississippi,Jefferson,Hispanic,Asian,0
Mississippi,Jefferson,Hispanic,Other,0
Mississippi,Jefferson,Hispanic,Unknown,0
Mississippi,Jefferson,Unknown,African-American,0
Mississippi,Jefferson,Unknown,White,0
Mississippi,Jefferson,Unknown,American-Indian-Alaska-Native,0
Mississippi,Jefferson,Unknown,Asian,0
Mississippi,Jefferson,Unknown,Other,0
Mississippi,Jefferson,Unknown,Unknown,0
Mississippi,Jefferson davis,Total,NA,4
Mississippi,Jefferson davis,Non-Hispanic,African-American,3
Mississippi,Jefferson davis,Non-Hispanic,White,1
Mississippi,Jefferson davis,Non-Hispanic,American-Indian-Alaska-Native,0
Mississippi,Jefferson davis,Non-Hispanic,Asian,0
Mississippi,Jefferson davis,Non-Hispanic,Other,0
Mississippi,Jefferson davis,Non-Hispanic,Unknown,0
Mississippi,Jefferson davis,Hispanic,African-American,0
Mississippi,Jefferson davis,Hispanic,White,0
Mississippi,Jefferson davis,Hispanic,American-Indian-Alaska-Native,0
Mississippi,Jefferson davis,Hispanic,Asian,0
Mississippi,Jefferson davis,Hispanic,Other,0
Mississippi,Jefferson davis,Hispanic,Unknown,0
Mississippi,Jefferson davis,Unknown,African-American,0
Mississippi,Jefferson davis,Unknown,White,0
Mississippi,Jefferson davis,Unknown,American-Indian-Alaska-Native,0
Mississippi,Jefferson davis,Unknown,Asian,0
Mississippi,Jefferson davis,Unknown,Other,0
Mississippi,Jefferson davis,Unknown,Unknown,0
Mississippi,Jones,Total,NA,49
Mississippi,Jones,Non-Hispanic,African-American,21
Mississippi,Jones,Non-Hispanic,White,23
Mississippi,Jones,Non-Hispanic,American-Indian-Alaska-Native,0
Mississippi,Jones,Non-Hispanic,Asian,0
Mississippi,Jones,Non-Hispanic,Other,0
Mississippi,Jones,Non-Hispanic,Unknown,0
Mississippi,Jones,Hispanic,African-American,0
Mississippi,Jones,Hispanic,White,0
Mississippi,Jones,Hispanic,American-Indian-Alaska-Native,0
Mississippi,Jones,Hispanic,Asian,0
Mississippi,Jones,Hispanic,Other,1
Mississippi,Jones,Hispanic,Unknown,0
Mississippi,Jones,Unknown,African-American,1
Mississippi,Jones,Unknown,White,2
Mississippi,Jones,Unknown,American-Indian-Alaska-Native,0
Mississippi,Jones,Unknown,Asian,0
Mississippi,Jones,Unknown,Other,1
Mississippi,Jones,Unknown,Unknown,0
Mississippi,Kemper,Total,NA,14
Mississippi,Kemper,Non-Hispanic,African-American,10
Mississippi,Kemper,Non-Hispanic,White,3
Mississippi,Kemper,Non-Hispanic,American-Indian-Alaska-Native,0
Mississippi,Kemper,Non-Hispanic,Asian,0
Mississippi,Kemper,Non-Hispanic,Other,0
Mississippi,Kemper,Non-Hispanic,Unknown,0
Mississippi,Kemper,Hispanic,African-American,0
Mississippi,Kemper,Hispanic,White,0
Mississippi,Kemper,Hispanic,American-Indian-Alaska-Native,0
Mississippi,Kemper,Hispanic,Asian,0
Mississippi,Kemper,Hispanic,Other,0
Mississippi,Kemper,Hispanic,Unknown,0
Mississippi,Kemper,Unknown,African-American,0
Mississippi,Kemper,Unknown,White,1
Mississippi,Kemper,Unknown,American-Indian-Alaska-Native,0
Mississippi,Kemper,Unknown,Asian,0
Mississippi,Kemper,Unknown,Other,0
Mississippi,Kemper,Unknown,Unknown,0
Mississippi,Lafayette,Total,NA,4
Mississippi,Lafayette,Non-Hispanic,African-American,2
Mississippi,Lafayette,Non-Hispanic,White,1
Mississippi,Lafayette,Non-Hispanic,American-Indian-Alaska-Native,0
Mississippi,Lafayette,Non-Hispanic,Asian,0
Mississippi,Lafayette,Non-Hispanic,Other,0
Mississippi,Lafayette,Non-Hispanic,Unknown,0
Mississippi,Lafayette,Hispanic,African-American,0
Mississippi,Lafayette,Hispanic,White,0
Mississippi,Lafayette,Hispanic,American-Indian-Alaska-Native,0
Mississippi,Lafayette,Hispanic,Asian,0
Mississippi,Lafayette,Hispanic,Other,0
Mississippi,Lafayette,Hispanic,Unknown,0
Mississippi,Lafayette,Unknown,African-American,1
Mississippi,Lafayette,Unknown,White,0
Mississippi,Lafayette,Unknown,American-Indian-Alaska-Native,0
Mississippi,Lafayette,Unknown,Asian,0
Mississippi,Lafayette,Unknown,Other,0
Mississippi,Lafayette,Unknown,Unknown,0
Mississippi,Lamar,Total,NA,7
Mississippi,Lamar,Non-Hispanic,African-American,4
Mississippi,Lamar,Non-Hispanic,White,2
Mississippi,Lamar,Non-Hispanic,American-Indian-Alaska-Native,0
Mississippi,Lamar,Non-Hispanic,Asian,0
Mississippi,Lamar,Non-Hispanic,Other,0
Mississippi,Lamar,Non-Hispanic,Unknown,0
Mississippi,Lamar,Hispanic,African-American,0
Mississippi,Lamar,Hispanic,White,0
Mississippi,Lamar,Hispanic,American-Indian-Alaska-Native,0
Mississippi,Lamar,Hispanic,Asian,0
Mississippi,Lamar,Hispanic,Other,1
Mississippi,Lamar,Hispanic,Unknown,0
Mississippi,Lamar,Unknown,African-American,0
Mississippi,Lamar,Unknown,White,0
Mississippi,Lamar,Unknown,American-Indian-Alaska-Native,0
Mississippi,Lamar,Unknown,Asian,0
Mississippi,Lamar,Unknown,Other,0
Mississippi,Lamar,Unknown,Unknown,0
Mississippi,Lauderdale,Total,NA,78
Mississippi,Lauderdale,Non-Hispanic,African-American,47
Mississippi,Lauderdale,Non-Hispanic,White,28
Mississippi,Lauderdale,Non-Hispanic,American-Indian-Alaska-Native,0
Mississippi,Lauderdale,Non-Hispanic,Asian,0
Mississippi,Lauderdale,Non-Hispanic,Other,0
Mississippi,Lauderdale,Non-Hispanic,Unknown,0
Mississippi,Lauderdale,Hispanic,African-American,0
Mississippi,Lauderdale,Hispanic,White,0
Mississippi,Lauderdale,Hispanic,American-Indian-Alaska-Native,0
Mississippi,Lauderdale,Hispanic,Asian,0
Mississippi,Lauderdale,Hispanic,Other,0
Mississippi,Lauderdale,Hispanic,Unknown,0
Mississippi,Lauderdale,Unknown,African-American,2
Mississippi,Lauderdale,Unknown,White,1
Mississippi,Lauderdale,Unknown,American-Indian-Alaska-Native,0
Mississippi,Lauderdale,Unknown,Asian,0
Mississippi,Lauderdale,Unknown,Other,0
Mississippi,Lauderdale,Unknown,Unknown,0
Mississippi,Lawrence,Total,NA,1
Mississippi,Lawrence,Non-Hispanic,African-American,1
Mississippi,Lawrence,Non-Hispanic,White,0
Mississippi,Lawrence,Non-Hispanic,American-Indian-Alaska-Native,0
Mississippi,Lawrence,Non-Hispanic,Asian,0
Mississippi,Lawrence,Non-Hispanic,Other,0
Mississippi,Lawrence,Non-Hispanic,Unknown,0
Mississippi,Lawrence,Hispanic,African-American,0
Mississippi,Lawrence,Hispanic,White,0
Mississippi,Lawrence,Hispanic,American-Indian-Alaska-Native,0
Mississippi,Lawrence,Hispanic,Asian,0
Mississippi,Lawrence,Hispanic,Other,0
Mississippi,Lawrence,Hispanic,Unknown,0
Mississippi,Lawrence,Unknown,African-American,0
Mississippi,Lawrence,Unknown,White,0
Mississippi,Lawrence,Unknown,American-Indian-Alaska-Native,0
Mississippi,Lawrence,Unknown,Asian,0
Mississippi,Lawrence,Unknown,Other,0
Mississippi,Lawrence,Unknown,Unknown,0
Mississippi,Leake,Total,NA,19
Mississippi,Leake,Non-Hispanic,African-American,5
Mississippi,Leake,Non-Hispanic,White,2
Mississippi,Leake,Non-Hispanic,American-Indian-Alaska-Native,7
Mississippi,Leake,Non-Hispanic,Asian,0
Mississippi,Leake,Non-Hispanic,Other,0
Mississippi,Leake,Non-Hispanic,Unknown,0
Mississippi,Leake,Hispanic,African-American,0
Mississippi,Leake,Hispanic,White,0
Mississippi,Leake,Hispanic,American-Indian-Alaska-Native,0
Mississippi,Leake,Hispanic,Asian,0
Mississippi,Leake,Hispanic,Other,1
Mississippi,Leake,Hispanic,Unknown,0
Mississippi,Leake,Unknown,African-American,0
Mississippi,Leake,Unknown,White,1
Mississippi,Leake,Unknown,American-Indian-Alaska-Native,3
Mississippi,Leake,Unknown,Asian,0
Mississippi,Leake,Unknown,Other,0
Mississippi,Leake,Unknown,Unknown,0
Mississippi,Lee,Total,NA,16
Mississippi,Lee,Non-Hispanic,African-American,7
Mississippi,Lee,Non-Hispanic,White,9
Mississippi,Lee,Non-Hispanic,American-Indian-Alaska-Native,0
Mississippi,Lee,Non-Hispanic,Asian,0
Mississippi,Lee,Non-Hispanic,Other,0
Mississippi,Lee,Non-Hispanic,Unknown,0
Mississippi,Lee,Hispanic,African-American,0
Mississippi,Lee,Hispanic,White,0
Mississippi,Lee,Hispanic,American-Indian-Alaska-Native,0
Mississippi,Lee,Hispanic,Asian,0
Mississippi,Lee,Hispanic,Other,0
Mississippi,Lee,Hispanic,Unknown,0
Mississippi,Lee,Unknown,African-American,0
Mississippi,Lee,Unknown,White,0
Mississippi,Lee,Unknown,American-Indian-Alaska-Native,0
Mississippi,Lee,Unknown,Asian,0
Mississippi,Lee,Unknown,Other,0
Mississippi,Lee,Unknown,Unknown,0
Mississippi,Leflore,Total,NA,49
Mississippi,Leflore,Non-Hispanic,African-American,39
Mississippi,Leflore,Non-Hispanic,White,8
Mississippi,Leflore,Non-Hispanic,American-Indian-Alaska-Native,0
Mississippi,Leflore,Non-Hispanic,Asian,0
Mississippi,Leflore,Non-Hispanic,Other,0
Mississippi,Leflore,Non-Hispanic,Unknown,0
Mississippi,Leflore,Hispanic,African-American,0
Mississippi,Leflore,Hispanic,White,0
Mississippi,Leflore,Hispanic,American-Indian-Alaska-Native,0
Mississippi,Leflore,Hispanic,Asian,0
Mississippi,Leflore,Hispanic,Other,0
Mississippi,Leflore,Hispanic,Unknown,0
Mississippi,Leflore,Unknown,African-American,1
Mississippi,Leflore,Unknown,White,0
Mississippi,Leflore,Unknown,American-Indian-Alaska-Native,0
Mississippi,Leflore,Unknown,Asian,0
Mississippi,Leflore,Unknown,Other,1
Mississippi,Leflore,Unknown,Unknown,0
Mississippi,Lincoln,Total,NA,34
Mississippi,Lincoln,Non-Hispanic,African-American,6
Mississippi,Lincoln,Non-Hispanic,White,26
Mississippi,Lincoln,Non-Hispanic,American-Indian-Alaska-Native,0
Mississippi,Lincoln,Non-Hispanic,Asian,0
Mississippi,Lincoln,Non-Hispanic,Other,0
Mississippi,Lincoln,Non-Hispanic,Unknown,0
Mississippi,Lincoln,Hispanic,African-American,0
Mississippi,Lincoln,Hispanic,White,0
Mississippi,Lincoln,Hispanic,American-Indian-Alaska-Native,0
Mississippi,Lincoln,Hispanic,Asian,0
Mississippi,Lincoln,Hispanic,Other,0
Mississippi,Lincoln,Hispanic,Unknown,0
Mississippi,Lincoln,Unknown,African-American,0
Mississippi,Lincoln,Unknown,White,2
Mississippi,Lincoln,Unknown,American-Indian-Alaska-Native,0
Mississippi,Lincoln,Unknown,Asian,0
Mississippi,Lincoln,Unknown,Other,0
Mississippi,Lincoln,Unknown,Unknown,0
Mississippi,Lowndes,Total,NA,11
Mississippi,Lowndes,Non-Hispanic,African-American,5
Mississippi,Lowndes,Non-Hispanic,White,5
Mississippi,Lowndes,Non-Hispanic,American-Indian-Alaska-Native,0
Mississippi,Lowndes,Non-Hispanic,Asian,0
Mississippi,Lowndes,Non-Hispanic,Other,0
Mississippi,Lowndes,Non-Hispanic,Unknown,0
Mississippi,Lowndes,Hispanic,African-American,0
Mississippi,Lowndes,Hispanic,White,1
Mississippi,Lowndes,Hispanic,American-Indian-Alaska-Native,0
Mississippi,Lowndes,Hispanic,Asian,0
Mississippi,Lowndes,Hispanic,Other,0
Mississippi,Lowndes,Hispanic,Unknown,0
Mississippi,Lowndes,Unknown,African-American,0
Mississippi,Lowndes,Unknown,White,0
Mississippi,Lowndes,Unknown,American-Indian-Alaska-Native,0
Mississippi,Lowndes,Unknown,Asian,0
Mississippi,Lowndes,Unknown,Other,0
Mississippi,Lowndes,Unknown,Unknown,0
Mississippi,Madison,Total,NA,34
Mississippi,Madison,Non-Hispanic,African-American,18
Mississippi,Madison,Non-Hispanic,White,15
Mississippi,Madison,Non-Hispanic,American-Indian-Alaska-Native,0
Mississippi,Madison,Non-Hispanic,Asian,0
Mississippi,Madison,Non-Hispanic,Other,0
Mississippi,Madison,Non-Hispanic,Unknown,0
Mississippi,Madison,Hispanic,African-American,0
Mississippi,Madison,Hispanic,White,0
Mississippi,Madison,Hispanic,American-Indian-Alaska-Native,0
Mississippi,Madison,Hispanic,Asian,0
Mississippi,Madison,Hispanic,Other,0
Mississippi,Madison,Hispanic,Unknown,0
Mississippi,Madison,Unknown,African-American,0
Mississippi,Madison,Unknown,White,1
Mississippi,Madison,Unknown,American-Indian-Alaska-Native,0
Mississippi,Madison,Unknown,Asian,0
Mississippi,Madison,Unknown,Other,0
Mississippi,Madison,Unknown,Unknown,0
Mississippi,Marion,Total,NA,11
Mississippi,Marion,Non-Hispanic,African-American,5
Mississippi,Marion,Non-Hispanic,White,5
Mississippi,Marion,Non-Hispanic,American-Indian-Alaska-Native,1
Mississippi,Marion,Non-Hispanic,Asian,0
Mississippi,Marion,Non-Hispanic,Other,0
Mississippi,Marion,Non-Hispanic,Unknown,0
Mississippi,Marion,Hispanic,African-American,0
Mississippi,Marion,Hispanic,White,0
Mississippi,Marion,Hispanic,American-Indian-Alaska-Native,0
Mississippi,Marion,Hispanic,Asian,0
Mississippi,Marion,Hispanic,Other,0
Mississippi,Marion,Hispanic,Unknown,0
Mississippi,Marion,Unknown,African-American,0
Mississippi,Marion,Unknown,White,0
Mississippi,Marion,Unknown,American-Indian-Alaska-Native,0
Mississippi,Marion,Unknown,Asian,0
Mississippi,Marion,Unknown,Other,0
Mississippi,Marion,Unknown,Unknown,0
Mississippi,Marshall,Total,NA,3
Mississippi,Marshall,Non-Hispanic,African-American,3
Mississippi,Marshall,Non-Hispanic,White,0
Mississippi,Marshall,Non-Hispanic,American-Indian-Alaska-Native,0
Mississippi,Marshall,Non-Hispanic,Asian,0
Mississippi,Marshall,Non-Hispanic,Other,0
Mississippi,Marshall,Non-Hispanic,Unknown,0
Mississippi,Marshall,Hispanic,African-American,0
Mississippi,Marshall,Hispanic,White,0
Mississippi,Marshall,Hispanic,American-Indian-Alaska-Native,0
Mississippi,Marshall,Hispanic,Asian,0
Mississippi,Marshall,Hispanic,Other,0
Mississippi,Marshall,Hispanic,Unknown,0
Mississippi,Marshall,Unknown,African-American,0
Mississippi,Marshall,Unknown,White,0
Mississippi,Marshall,Unknown,American-Indian-Alaska-Native,0
Mississippi,Marshall,Unknown,Asian,0
Mississippi,Marshall,Unknown,Other,0
Mississippi,Marshall,Unknown,Unknown,0
Mississippi,Monroe,Total,NA,29
Mississippi,Monroe,Non-Hispanic,African-American,7
Mississippi,Monroe,Non-Hispanic,White,19
Mississippi,Monroe,Non-Hispanic,American-Indian-Alaska-Native,1
Mississippi,Monroe,Non-Hispanic,Asian,0
Mississippi,Monroe,Non-Hispanic,Other,0
Mississippi,Monroe,Non-Hispanic,Unknown,0
Mississippi,Monroe,Hispanic,African-American,0
Mississippi,Monroe,Hispanic,White,0
Mississippi,Monroe,Hispanic,American-Indian-Alaska-Native,0
Mississippi,Monroe,Hispanic,Asian,0
Mississippi,Monroe,Hispanic,Other,0
Mississippi,Monroe,Hispanic,Unknown,0
Mississippi,Monroe,Unknown,African-American,1
Mississippi,Monroe,Unknown,White,1
Mississippi,Monroe,Unknown,American-Indian-Alaska-Native,0
Mississippi,Monroe,Unknown,Asian,0
Mississippi,Monroe,Unknown,Other,0
Mississippi,Monroe,Unknown,Unknown,0
Mississippi,Montgomery,Total,NA,2
Mississippi,Montgomery,Non-Hispanic,African-American,2
Mississippi,Montgomery,Non-Hispanic,White,0
Mississippi,Montgomery,Non-Hispanic,American-Indian-Alaska-Native,0
Mississippi,Montgomery,Non-Hispanic,Asian,0
Mississippi,Montgomery,Non-Hispanic,Other,0
Mississippi,Montgomery,Non-Hispanic,Unknown,0
Mississippi,Montgomery,Hispanic,African-American,0
Mississippi,Montgomery,Hispanic,White,0
Mississippi,Montgomery,Hispanic,American-Indian-Alaska-Native,0
Mississippi,Montgomery,Hispanic,Asian,0
Mississippi,Montgomery,Hispanic,Other,0
Mississippi,Montgomery,Hispanic,Unknown,0
Mississippi,Montgomery,Unknown,African-American,0
Mississippi,Montgomery,Unknown,White,0
Mississippi,Montgomery,Unknown,American-Indian-Alaska-Native,0
Mississippi,Montgomery,Unknown,Asian,0
Mississippi,Montgomery,Unknown,Other,0
Mississippi,Montgomery,Unknown,Unknown,0
Mississippi,Neshoba,Total,NA,69
Mississippi,Neshoba,Non-Hispanic,African-American,11
Mississippi,Neshoba,Non-Hispanic,White,7
Mississippi,Neshoba,Non-Hispanic,American-Indian-Alaska-Native,36
Mississippi,Neshoba,Non-Hispanic,Asian,0
Mississippi,Neshoba,Non-Hispanic,Other,0
Mississippi,Neshoba,Non-Hispanic,Unknown,0
Mississippi,Neshoba,Hispanic,African-American,0
Mississippi,Neshoba,Hispanic,White,0
Mississippi,Neshoba,Hispanic,American-Indian-Alaska-Native,0
Mississippi,Neshoba,Hispanic,Asian,0
Mississippi,Neshoba,Hispanic,Other,0
Mississippi,Neshoba,Hispanic,Unknown,0
Mississippi,Neshoba,Unknown,African-American,0
Mississippi,Neshoba,Unknown,White,1
Mississippi,Neshoba,Unknown,American-Indian-Alaska-Native,14
Mississippi,Neshoba,Unknown,Asian,0
Mississippi,Neshoba,Unknown,Other,0
Mississippi,Neshoba,Unknown,Unknown,0
Mississippi,Newton,Total,NA,9
Mississippi,Newton,Non-Hispanic,African-American,4
Mississippi,Newton,Non-Hispanic,White,1
Mississippi,Newton,Non-Hispanic,American-Indian-Alaska-Native,3
Mississippi,Newton,Non-Hispanic,Asian,0
Mississippi,Newton,Non-Hispanic,Other,0
Mississippi,Newton,Non-Hispanic,Unknown,0
Mississippi,Newton,Hispanic,African-American,0
Mississippi,Newton,Hispanic,White,0
Mississippi,Newton,Hispanic,American-Indian-Alaska-Native,0
Mississippi,Newton,Hispanic,Asian,0
Mississippi,Newton,Hispanic,Other,0
Mississippi,Newton,Hispanic,Unknown,0
Mississippi,Newton,Unknown,African-American,0
Mississippi,Newton,Unknown,White,0
Mississippi,Newton,Unknown,American-Indian-Alaska-Native,0
Mississippi,Newton,Unknown,Asian,0
Mississippi,Newton,Unknown,Other,1
Mississippi,Newton,Unknown,Unknown,0
Mississippi,Noxubee,Total,NA,8
Mississippi,Noxubee,Non-Hispanic,African-American,6
Mississippi,Noxubee,Non-Hispanic,White,2
Mississippi,Noxubee,Non-Hispanic,American-Indian-Alaska-Native,0
Mississippi,Noxubee,Non-Hispanic,Asian,0
Mississippi,Noxubee,Non-Hispanic,Other,0
Mississippi,Noxubee,Non-Hispanic,Unknown,0
Mississippi,Noxubee,Hispanic,African-American,0
Mississippi,Noxubee,Hispanic,White,0
Mississippi,Noxubee,Hispanic,American-Indian-Alaska-Native,0
Mississippi,Noxubee,Hispanic,Asian,0
Mississippi,Noxubee,Hispanic,Other,0
Mississippi,Noxubee,Hispanic,Unknown,0
Mississippi,Noxubee,Unknown,African-American,0
Mississippi,Noxubee,Unknown,White,0
Mississippi,Noxubee,Unknown,American-Indian-Alaska-Native,0
Mississippi,Noxubee,Unknown,Asian,0
Mississippi,Noxubee,Unknown,Other,0
Mississippi,Noxubee,Unknown,Unknown,0
Mississippi,Oktibbeha,Total,NA,24
Mississippi,Oktibbeha,Non-Hispanic,African-American,12
Mississippi,Oktibbeha,Non-Hispanic,White,9
Mississippi,Oktibbeha,Non-Hispanic,American-Indian-Alaska-Native,0
Mississippi,Oktibbeha,Non-Hispanic,Asian,0
Mississippi,Oktibbeha,Non-Hispanic,Other,0
Mississippi,Oktibbeha,Non-Hispanic,Unknown,0
Mississippi,Oktibbeha,Hispanic,African-American,0
Mississippi,Oktibbeha,Hispanic,White,0
Mississippi,Oktibbeha,Hispanic,American-Indian-Alaska-Native,0
Mississippi,Oktibbeha,Hispanic,Asian,0
Mississippi,Oktibbeha,Hispanic,Other,0
Mississippi,Oktibbeha,Hispanic,Unknown,0
Mississippi,Oktibbeha,Unknown,African-American,1
Mississippi,Oktibbeha,Unknown,White,1
Mississippi,Oktibbeha,Unknown,American-Indian-Alaska-Native,0
Mississippi,Oktibbeha,Unknown,Asian,0
Mississippi,Oktibbeha,Unknown,Other,0
Mississippi,Oktibbeha,Unknown,Unknown,1
Mississippi,Panola,Total,NA,6
Mississippi,Panola,Non-Hispanic,African-American,5
Mississippi,Panola,Non-Hispanic,White,1
Mississippi,Panola,Non-Hispanic,American-Indian-Alaska-Native,0
Mississippi,Panola,Non-Hispanic,Asian,0
Mississippi,Panola,Non-Hispanic,Other,0
Mississippi,Panola,Non-Hispanic,Unknown,0
Mississippi,Panola,Hispanic,African-American,0
Mississippi,Panola,Hispanic,White,0
Mississippi,Panola,Hispanic,American-Indian-Alaska-Native,0
Mississippi,Panola,Hispanic,Asian,0
Mississippi,Panola,Hispanic,Other,0
Mississippi,Panola,Hispanic,Unknown,0
Mississippi,Panola,Unknown,African-American,0
Mississippi,Panola,Unknown,White,0
Mississippi,Panola,Unknown,American-Indian-Alaska-Native,0
Mississippi,Panola,Unknown,Asian,0
Mississippi,Panola,Unknown,Other,0
Mississippi,Panola,Unknown,Unknown,0
Mississippi,Pearl river,Total,NA,32
Mississippi,Pearl river,Non-Hispanic,African-American,9
Mississippi,Pearl river,Non-Hispanic,White,21
Mississippi,Pearl river,Non-Hispanic,American-Indian-Alaska-Native,0
Mississippi,Pearl river,Non-Hispanic,Asian,0
Mississippi,Pearl river,Non-Hispanic,Other,0
Mississippi,Pearl river,Non-Hispanic,Unknown,0
Mississippi,Pearl river,Hispanic,African-American,0
Mississippi,Pearl river,Hispanic,White,1
Mississippi,Pearl river,Hispanic,American-Indian-Alaska-Native,0
Mississippi,Pearl river,Hispanic,Asian,0
Mississippi,Pearl river,Hispanic,Other,0
Mississippi,Pearl river,Hispanic,Unknown,0
Mississippi,Pearl river,Unknown,African-American,0
Mississippi,Pearl river,Unknown,White,1
Mississippi,Pearl river,Unknown,American-Indian-Alaska-Native,0
Mississippi,Pearl river,Unknown,Asian,0
Mississippi,Pearl river,Unknown,Other,0
Mississippi,Pearl river,Unknown,Unknown,0
Mississippi,Perry,Total,NA,4
Mississippi,Perry,Non-Hispanic,African-American,1
Mississippi,Perry,Non-Hispanic,White,2
Mississippi,Perry,Non-Hispanic,American-Indian-Alaska-Native,0
Mississippi,Perry,Non-Hispanic,Asian,0
Mississippi,Perry,Non-Hispanic,Other,0
Mississippi,Perry,Non-Hispanic,Unknown,0
Mississippi,Perry,Hispanic,African-American,0
Mississippi,Perry,Hispanic,White,0
Mississippi,Perry,Hispanic,American-Indian-Alaska-Native,0
Mississippi,Perry,Hispanic,Asian,0
Mississippi,Perry,Hispanic,Other,0
Mississippi,Perry,Hispanic,Unknown,0
Mississippi,Perry,Unknown,African-American,0
Mississippi,Perry,Unknown,White,0
Mississippi,Perry,Unknown,American-Indian-Alaska-Native,1
Mississippi,Perry,Unknown,Asian,0
Mississippi,Perry,Unknown,Other,0
Mississippi,Perry,Unknown,Unknown,0
Mississippi,Pike,Total,NA,12
Mississippi,Pike,Non-Hispanic,African-American,4
Mississippi,Pike,Non-Hispanic,White,8
Mississippi,Pike,Non-Hispanic,American-Indian-Alaska-Native,0
Mississippi,Pike,Non-Hispanic,Asian,0
Mississippi,Pike,Non-Hispanic,Other,0
Mississippi,Pike,Non-Hispanic,Unknown,0
Mississippi,Pike,Hispanic,African-American,0
Mississippi,Pike,Hispanic,White,0
Mississippi,Pike,Hispanic,American-Indian-Alaska-Native,0
Mississippi,Pike,Hispanic,Asian,0
Mississippi,Pike,Hispanic,Other,0
Mississippi,Pike,Hispanic,Unknown,0
Mississippi,Pike,Unknown,African-American,0
Mississippi,Pike,Unknown,White,0
Mississippi,Pike,Unknown,American-Indian-Alaska-Native,0
Mississippi,Pike,Unknown,Asian,0
Mississippi,Pike,Unknown,Other,0
Mississippi,Pike,Unknown,Unknown,0
Mississippi,Pontotoc,Total,NA,6
Mississippi,Pontotoc,Non-Hispanic,African-American,3
Mississippi,Pontotoc,Non-Hispanic,White,1
Mississippi,Pontotoc,Non-Hispanic,American-Indian-Alaska-Native,0
Mississippi,Pontotoc,Non-Hispanic,Asian,0
Mississippi,Pontotoc,Non-Hispanic,Other,0
Mississippi,Pontotoc,Non-Hispanic,Unknown,0
Mississippi,Pontotoc,Hispanic,African-American,0
Mississippi,Pontotoc,Hispanic,White,0
Mississippi,Pontotoc,Hispanic,American-Indian-Alaska-Native,0
Mississippi,Pontotoc,Hispanic,Asian,0
Mississippi,Pontotoc,Hispanic,Other,1
Mississippi,Pontotoc,Hispanic,Unknown,1
Mississippi,Pontotoc,Unknown,African-American,0
Mississippi,Pontotoc,Unknown,White,0
Mississippi,Pontotoc,Unknown,American-Indian-Alaska-Native,0
Mississippi,Pontotoc,Unknown,Asian,0
Mississippi,Pontotoc,Unknown,Other,0
Mississippi,Pontotoc,Unknown,Unknown,0
Mississippi,Prentiss,Total,NA,3
Mississippi,Prentiss,Non-Hispanic,African-American,0
Mississippi,Prentiss,Non-Hispanic,White,3
Mississippi,Prentiss,Non-Hispanic,American-Indian-Alaska-Native,0
Mississippi,Prentiss,Non-Hispanic,Asian,0
Mississippi,Prentiss,Non-Hispanic,Other,0
Mississippi,Prentiss,Non-Hispanic,Unknown,0
Mississippi,Prentiss,Hispanic,African-American,0
Mississippi,Prentiss,Hispanic,White,0
Mississippi,Prentiss,Hispanic,American-Indian-Alaska-Native,0
Mississippi,Prentiss,Hispanic,Asian,0
Mississippi,Prentiss,Hispanic,Other,0
Mississippi,Prentiss,Hispanic,Unknown,0
Mississippi,Prentiss,Unknown,African-American,0
Mississippi,Prentiss,Unknown,White,0
Mississippi,Prentiss,Unknown,American-Indian-Alaska-Native,0
Mississippi,Prentiss,Unknown,Asian,0
Mississippi,Prentiss,Unknown,Other,0
Mississippi,Prentiss,Unknown,Unknown,0
Mississippi,Quitman,Total,NA,0
Mississippi,Quitman,Non-Hispanic,African-American,0
Mississippi,Quitman,Non-Hispanic,White,0
Mississippi,Quitman,Non-Hispanic,American-Indian-Alaska-Native,0
Mississippi,Quitman,Non-Hispanic,Asian,0
Mississippi,Quitman,Non-Hispanic,Other,0
Mississippi,Quitman,Non-Hispanic,Unknown,0
Mississippi,Quitman,Hispanic,African-American,0
Mississippi,Quitman,Hispanic,White,0
Mississippi,Quitman,Hispanic,American-Indian-Alaska-Native,0
Mississippi,Quitman,Hispanic,Asian,0
Mississippi,Quitman,Hispanic,Other,0
Mississippi,Quitman,Hispanic,Unknown,0
Mississippi,Quitman,Unknown,African-American,0
Mississippi,Quitman,Unknown,White,0
Mississippi,Quitman,Unknown,American-Indian-Alaska-Native,0
Mississippi,Quitman,Unknown,Asian,0
Mississippi,Quitman,Unknown,Other,0
Mississippi,Quitman,Unknown,Unknown,0
Mississippi,Rankin,Total,NA,12
Mississippi,Rankin,Non-Hispanic,African-American,7
Mississippi,Rankin,Non-Hispanic,White,4
Mississippi,Rankin,Non-Hispanic,American-Indian-Alaska-Native,0
Mississippi,Rankin,Non-Hispanic,Asian,0
Mississippi,Rankin,Non-Hispanic,Other,0
Mississippi,Rankin,Non-Hispanic,Unknown,0
Mississippi,Rankin,Hispanic,African-American,0
Mississippi,Rankin,Hispanic,White,1
Mississippi,Rankin,Hispanic,American-Indian-Alaska-Native,0
Mississippi,Rankin,Hispanic,Asian,0
Mississippi,Rankin,Hispanic,Other,0
Mississippi,Rankin,Hispanic,Unknown,0
Mississippi,Rankin,Unknown,African-American,0
Mississippi,Rankin,Unknown,White,0
Mississippi,Rankin,Unknown,American-Indian-Alaska-Native,0
Mississippi,Rankin,Unknown,Asian,0
Mississippi,Rankin,Unknown,Other,0
Mississippi,Rankin,Unknown,Unknown,0
Mississippi,Scott,Total,NA,15
Mississippi,Scott,Non-Hispanic,African-American,9
Mississippi,Scott,Non-Hispanic,White,4
Mississippi,Scott,Non-Hispanic,American-Indian-Alaska-Native,0
Mississippi,Scott,Non-Hispanic,Asian,0
Mississippi,Scott,Non-Hispanic,Other,0
Mississippi,Scott,Non-Hispanic,Unknown,0
Mississippi,Scott,Hispanic,African-American,0
Mississippi,Scott,Hispanic,White,0
Mississippi,Scott,Hispanic,American-Indian-Alaska-Native,0
Mississippi,Scott,Hispanic,Asian,0
Mississippi,Scott,Hispanic,Other,1
Mississippi,Scott,Hispanic,Unknown,0
Mississippi,Scott,Unknown,African-American,0
Mississippi,Scott,Unknown,White,0
Mississippi,Scott,Unknown,American-Indian-Alaska-Native,0
Mississippi,Scott,Unknown,Asian,0
Mississippi,Scott,Unknown,Other,0
Mississippi,Scott,Unknown,Unknown,1
Mississippi,Sharkey,Total,NA,0
Mississippi,Sharkey,Non-Hispanic,African-American,0
Mississippi,Sharkey,Non-Hispanic,White,0
Mississippi,Sharkey,Non-Hispanic,American-Indian-Alaska-Native,0
Mississippi,Sharkey,Non-Hispanic,Asian,0
Mississippi,Sharkey,Non-Hispanic,Other,0
Mississippi,Sharkey,Non-Hispanic,Unknown,0
Mississippi,Sharkey,Hispanic,African-American,0
Mississippi,Sharkey,Hispanic,White,0
Mississippi,Sharkey,Hispanic,American-Indian-Alaska-Native,0
Mississippi,Sharkey,Hispanic,Asian,0
Mississippi,Sharkey,Hispanic,Other,0
Mississippi,Sharkey,Hispanic,Unknown,0
Mississippi,Sharkey,Unknown,African-American,0
Mississippi,Sharkey,Unknown,White,0
Mississippi,Sharkey,Unknown,American-Indian-Alaska-Native,0
Mississippi,Sharkey,Unknown,Asian,0
Mississippi,Sharkey,Unknown,Other,0
Mississippi,Sharkey,Unknown,Unknown,0
Mississippi,Simpson,Total,NA,3
Mississippi,Simpson,Non-Hispanic,African-American,1
Mississippi,Simpson,Non-Hispanic,White,1
Mississippi,Simpson,Non-Hispanic,American-Indian-Alaska-Native,0
Mississippi,Simpson,Non-Hispanic,Asian,0
Mississippi,Simpson,Non-Hispanic,Other,0
Mississippi,Simpson,Non-Hispanic,Unknown,0
Mississippi,Simpson,Hispanic,African-American,0
Mississippi,Simpson,Hispanic,White,0
Mississippi,Simpson,Hispanic,American-Indian-Alaska-Native,0
Mississippi,Simpson,Hispanic,Asian,0
Mississippi,Simpson,Hispanic,Other,0
Mississippi,Simpson,Hispanic,Unknown,0
Mississippi,Simpson,Unknown,African-American,0
Mississippi,Simpson,Unknown,White,1
Mississippi,Simpson,Unknown,American-Indian-Alaska-Native,0
Mississippi,Simpson,Unknown,Asian,0
Mississippi,Simpson,Unknown,Other,0
Mississippi,Simpson,Unknown,Unknown,0
Mississippi,Smith,Total,NA,11
Mississippi,Smith,Non-Hispanic,African-American,7
Mississippi,Smith,Non-Hispanic,White,4
Mississippi,Smith,Non-Hispanic,American-Indian-Alaska-Native,0
Mississippi,Smith,Non-Hispanic,Asian,0
Mississippi,Smith,Non-Hispanic,Other,0
Mississippi,Smith,Non-Hispanic,Unknown,0
Mississippi,Smith,Hispanic,African-American,0
Mississippi,Smith,Hispanic,White,0
Mississippi,Smith,Hispanic,American-Indian-Alaska-Native,0
Mississippi,Smith,Hispanic,Asian,0
Mississippi,Smith,Hispanic,Other,0
Mississippi,Smith,Hispanic,Unknown,0
Mississippi,Smith,Unknown,African-American,0
Mississippi,Smith,Unknown,White,0
Mississippi,Smith,Unknown,American-Indian-Alaska-Native,0
Mississippi,Smith,Unknown,Asian,0
Mississippi,Smith,Unknown,Other,0
Mississippi,Smith,Unknown,Unknown,0
Mississippi,Stone,Total,NA,1
Mississippi,Stone,Non-Hispanic,African-American,0
Mississippi,Stone,Non-Hispanic,White,0
Mississippi,Stone,Non-Hispanic,American-Indian-Alaska-Native,0
Mississippi,Stone,Non-Hispanic,Asian,0
Mississippi,Stone,Non-Hispanic,Other,0
Mississippi,Stone,Non-Hispanic,Unknown,0
Mississippi,Stone,Hispanic,African-American,0
Mississippi,Stone,Hispanic,White,0
Mississippi,Stone,Hispanic,American-Indian-Alaska-Native,0
Mississippi,Stone,Hispanic,Asian,0
Mississippi,Stone,Hispanic,Other,0
Mississippi,Stone,Hispanic,Unknown,0
Mississippi,Stone,Unknown,African-American,0
Mississippi,Stone,Unknown,White,0
Mississippi,Stone,Unknown,American-Indian-Alaska-Native,0
Mississippi,Stone,Unknown,Asian,0
Mississippi,Stone,Unknown,Other,1
Mississippi,Stone,Unknown,Unknown,0
Mississippi,Sunflower,Total,NA,6
Mississippi,Sunflower,Non-Hispanic,African-American,4
Mississippi,Sunflower,Non-Hispanic,White,1
Mississippi,Sunflower,Non-Hispanic,American-Indian-Alaska-Native,0
Mississippi,Sunflower,Non-Hispanic,Asian,0
Mississippi,Sunflower,Non-Hispanic,Other,0
Mississippi,Sunflower,Non-Hispanic,Unknown,0
Mississippi,Sunflower,Hispanic,African-American,0
Mississippi,Sunflower,Hispanic,White,0
Mississippi,Sunflower,Hispanic,American-Indian-Alaska-Native,0
Mississippi,Sunflower,Hispanic,Asian,0
Mississippi,Sunflower,Hispanic,Other,0
Mississippi,Sunflower,Hispanic,Unknown,0
Mississippi,Sunflower,Unknown,African-American,1
Mississippi,Sunflower,Unknown,White,0
Mississippi,Sunflower,Unknown,American-Indian-Alaska-Native,0
Mississippi,Sunflower,Unknown,Asian,0
Mississippi,Sunflower,Unknown,Other,0
Mississippi,Sunflower,Unknown,Unknown,0
Mississippi,Tallahatchie,Total,NA,3
Mississippi,Tallahatchie,Non-Hispanic,African-American,1
Mississippi,Tallahatchie,Non-Hispanic,White,1
Mississippi,Tallahatchie,Non-Hispanic,American-Indian-Alaska-Native,0
Mississippi,Tallahatchie,Non-Hispanic,Asian,0
Mississippi,Tallahatchie,Non-Hispanic,Other,0
Mississippi,Tallahatchie,Non-Hispanic,Unknown,0
Mississippi,Tallahatchie,Hispanic,African-American,0
Mississippi,Tallahatchie,Hispanic,White,0
Mississippi,Tallahatchie,Hispanic,American-Indian-Alaska-Native,0
Mississippi,Tallahatchie,Hispanic,Asian,0
Mississippi,Tallahatchie,Hispanic,Other,0
Mississippi,Tallahatchie,Hispanic,Unknown,0
Mississippi,Tallahatchie,Unknown,African-American,0
Mississippi,Tallahatchie,Unknown,White,1
Mississippi,Tallahatchie,Unknown,American-Indian-Alaska-Native,0
Mississippi,Tallahatchie,Unknown,Asian,0
Mississippi,Tallahatchie,Unknown,Other,0
Mississippi,Tallahatchie,Unknown,Unknown,0
Mississippi,Tate,Total,NA,7
Mississippi,Tate,Non-Hispanic,African-American,3
Mississippi,Tate,Non-Hispanic,White,4
Mississippi,Tate,Non-Hispanic,American-Indian-Alaska-Native,0
Mississippi,Tate,Non-Hispanic,Asian,0
Mississippi,Tate,Non-Hispanic,Other,0
Mississippi,Tate,Non-Hispanic,Unknown,0
Mississippi,Tate,Hispanic,African-American,0
Mississippi,Tate,Hispanic,White,0
Mississippi,Tate,Hispanic,American-Indian-Alaska-Native,0
Mississippi,Tate,Hispanic,Asian,0
Mississippi,Tate,Hispanic,Other,0
Mississippi,Tate,Hispanic,Unknown,0
Mississippi,Tate,Unknown,African-American,0
Mississippi,Tate,Unknown,White,0
Mississippi,Tate,Unknown,American-Indian-Alaska-Native,0
Mississippi,Tate,Unknown,Asian,0
Mississippi,Tate,Unknown,Other,0
Mississippi,Tate,Unknown,Unknown,0
Mississippi,Tippah,Total,NA,11
Mississippi,Tippah,Non-Hispanic,African-American,8
Mississippi,Tippah,Non-Hispanic,White,3
Mississippi,Tippah,Non-Hispanic,American-Indian-Alaska-Native,0
Mississippi,Tippah,Non-Hispanic,Asian,0
Mississippi,Tippah,Non-Hispanic,Other,0
Mississippi,Tippah,Non-Hispanic,Unknown,0
Mississippi,Tippah,Hispanic,African-American,0
Mississippi,Tippah,Hispanic,White,0
Mississippi,Tippah,Hispanic,American-Indian-Alaska-Native,0
Mississippi,Tippah,Hispanic,Asian,0
Mississippi,Tippah,Hispanic,Other,0
Mississippi,Tippah,Hispanic,Unknown,0
Mississippi,Tippah,Unknown,African-American,0
Mississippi,Tippah,Unknown,White,0
Mississippi,Tippah,Unknown,American-Indian-Alaska-Native,0
Mississippi,Tippah,Unknown,Asian,0
Mississippi,Tippah,Unknown,Other,0
Mississippi,Tippah,Unknown,Unknown,0
Mississippi,Tishomingo,Total,NA,1
Mississippi,Tishomingo,Non-Hispanic,African-American,0
Mississippi,Tishomingo,Non-Hispanic,White,1
Mississippi,Tishomingo,Non-Hispanic,American-Indian-Alaska-Native,0
Mississippi,Tishomingo,Non-Hispanic,Asian,0
Mississippi,Tishomingo,Non-Hispanic,Other,0
Mississippi,Tishomingo,Non-Hispanic,Unknown,0
Mississippi,Tishomingo,Hispanic,African-American,0
Mississippi,Tishomingo,Hispanic,White,0
Mississippi,Tishomingo,Hispanic,American-Indian-Alaska-Native,0
Mississippi,Tishomingo,Hispanic,Asian,0
Mississippi,Tishomingo,Hispanic,Other,0
Mississippi,Tishomingo,Hispanic,Unknown,0
Mississippi,Tishomingo,Unknown,African-American,0
Mississippi,Tishomingo,Unknown,White,0
Mississippi,Tishomingo,Unknown,American-Indian-Alaska-Native,0
Mississippi,Tishomingo,Unknown,Asian,0
Mississippi,Tishomingo,Unknown,Other,0
Mississippi,Tishomingo,Unknown,Unknown,0
Mississippi,Tunica,Total,NA,3
Mississippi,Tunica,Non-Hispanic,African-American,2
Mississippi,Tunica,Non-Hispanic,White,1
Mississippi,Tunica,Non-Hispanic,American-Indian-Alaska-Native,0
Mississippi,Tunica,Non-Hispanic,Asian,0
Mississippi,Tunica,Non-Hispanic,Other,0
Mississippi,Tunica,Non-Hispanic,Unknown,0
Mississippi,Tunica,Hispanic,African-American,0
Mississippi,Tunica,Hispanic,White,0
Mississippi,Tunica,Hispanic,American-Indian-Alaska-Native,0
Mississippi,Tunica,Hispanic,Asian,0
Mississippi,Tunica,Hispanic,Other,0
Mississippi,Tunica,Hispanic,Unknown,0
Mississippi,Tunica,Unknown,African-American,0
Mississippi,Tunica,Unknown,White,0
Mississippi,Tunica,Unknown,American-Indian-Alaska-Native,0
Mississippi,Tunica,Unknown,Asian,0
Mississippi,Tunica,Unknown,Other,0
Mississippi,Tunica,Unknown,Unknown,0
Mississippi,Union,Total,NA,9
Mississippi,Union,Non-Hispanic,African-American,3
Mississippi,Union,Non-Hispanic,White,4
Mississippi,Union,Non-Hispanic,American-Indian-Alaska-Native,0
Mississippi,Union,Non-Hispanic,Asian,0
Mississippi,Union,Non-Hispanic,Other,0
Mississippi,Union,Non-Hispanic,Unknown,0
Mississippi,Union,Hispanic,African-American,0
Mississippi,Union,Hispanic,White,0
Mississippi,Union,Hispanic,American-Indian-Alaska-Native,0
Mississippi,Union,Hispanic,Asian,0
Mississippi,Union,Hispanic,Other,0
Mississippi,Union,Hispanic,Unknown,0
Mississippi,Union,Unknown,African-American,0
Mississippi,Union,Unknown,White,2
Mississippi,Union,Unknown,American-Indian-Alaska-Native,0
Mississippi,Union,Unknown,Asian,0
Mississippi,Union,Unknown,Other,0
Mississippi,Union,Unknown,Unknown,0
Mississippi,Walthall,Total,NA,4
Mississippi,Walthall,Non-Hispanic,African-American,0
Mississippi,Walthall,Non-Hispanic,White,4
Mississippi,Walthall,Non-Hispanic,American-Indian-Alaska-Native,0
Mississippi,Walthall,Non-Hispanic,Asian,0
Mississippi,Walthall,Non-Hispanic,Other,0
Mississippi,Walthall,Non-Hispanic,Unknown,0
Mississippi,Walthall,Hispanic,African-American,0
Mississippi,Walthall,Hispanic,White,0
Mississippi,Walthall,Hispanic,American-Indian-Alaska-Native,0
Mississippi,Walthall,Hispanic,Asian,0
Mississippi,Walthall,Hispanic,Other,0
Mississippi,Walthall,Hispanic,Unknown,0
Mississippi,Walthall,Unknown,African-American,0
Mississippi,Walthall,Unknown,White,0
Mississippi,Walthall,Unknown,American-Indian-Alaska-Native,0
Mississippi,Walthall,Unknown,Asian,0
Mississippi,Walthall,Unknown,Other,0
Mississippi,Walthall,Unknown,Unknown,0
Mississippi,Warren,Total,NA,17
Mississippi,Warren,Non-Hispanic,African-American,4
Mississippi,Warren,Non-Hispanic,White,9
Mississippi,Warren,Non-Hispanic,American-Indian-Alaska-Native,0
Mississippi,Warren,Non-Hispanic,Asian,0
Mississippi,Warren,Non-Hispanic,Other,0
Mississippi,Warren,Non-Hispanic,Unknown,0
Mississippi,Warren,Hispanic,African-American,0
Mississippi,Warren,Hispanic,White,0
Mississippi,Warren,Hispanic,American-Indian-Alaska-Native,0
Mississippi,Warren,Hispanic,Asian,0
Mississippi,Warren,Hispanic,Other,0
Mississippi,Warren,Hispanic,Unknown,0
Mississippi,Warren,Unknown,African-American,1
Mississippi,Warren,Unknown,White,2
Mississippi,Warren,Unknown,American-Indian-Alaska-Native,0
Mississippi,Warren,Unknown,Asian,0
Mississippi,Warren,Unknown,Other,0
Mississippi,Warren,Unknown,Unknown,1
Mississippi,Washington,Total,NA,9
Mississippi,Washington,Non-Hispanic,African-American,9
Mississippi,Washington,Non-Hispanic,White,0
Mississippi,Washington,Non-Hispanic,American-Indian-Alaska-Native,0
Mississippi,Washington,Non-Hispanic,Asian,0
Mississippi,Washington,Non-Hispanic,Other,0
Mississippi,Washington,Non-Hispanic,Unknown,0
Mississippi,Washington,Hispanic,African-American,0
Mississippi,Washington,Hispanic,White,0
Mississippi,Washington,Hispanic,American-Indian-Alaska-Native,0
Mississippi,Washington,Hispanic,Asian,0
Mississippi,Washington,Hispanic,Other,0
Mississippi,Washington,Hispanic,Unknown,0
Mississippi,Washington,Unknown,African-American,0
Mississippi,Washington,Unknown,White,0
Mississippi,Washington,Unknown,American-Indian-Alaska-Native,0
Mississippi,Washington,Unknown,Asian,0
Mississippi,Washington,Unknown,Other,0
Mississippi,Washington,Unknown,Unknown,0
Mississippi,Wayne,Total,NA,12
Mississippi,Wayne,Non-Hispanic,African-American,9
Mississippi,Wayne,Non-Hispanic,White,1
Mississippi,Wayne,Non-Hispanic,American-Indian-Alaska-Native,0
Mississippi,Wayne,Non-Hispanic,Asian,0
Mississippi,Wayne,Non-Hispanic,Other,0
Mississippi,Wayne,Non-Hispanic,Unknown,0
Mississippi,Wayne,Hispanic,African-American,0
Mississippi,Wayne,Hispanic,White,0
Mississippi,Wayne,Hispanic,American-Indian-Alaska-Native,0
Mississippi,Wayne,Hispanic,Asian,0
Mississippi,Wayne,Hispanic,Other,0
Mississippi,Wayne,Hispanic,Unknown,0
Mississippi,Wayne,Unknown,African-American,0
Mississippi,Wayne,Unknown,White,2
Mississippi,Wayne,Unknown,American-Indian-Alaska-Native,0
Mississippi,Wayne,Unknown,Asian,0
Mississippi,Wayne,Unknown,Other,0
Mississippi,Wayne,Unknown,Unknown,0
Mississippi,Webster,Total,NA,10
Mississippi,Webster,Non-Hispanic,African-American,3
Mississippi,Webster,Non-Hispanic,White,7
Mississippi,Webster,Non-Hispanic,American-Indian-Alaska-Native,0
Mississippi,Webster,Non-Hispanic,Asian,0
Mississippi,Webster,Non-Hispanic,Other,0
Mississippi,Webster,Non-Hispanic,Unknown,0
Mississippi,Webster,Hispanic,African-American,0
Mississippi,Webster,Hispanic,White,0
Mississippi,Webster,Hispanic,American-Indian-Alaska-Native,0
Mississippi,Webster,Hispanic,Asian,0
Mississippi,Webster,Hispanic,Other,0
Mississippi,Webster,Hispanic,Unknown,0
Mississippi,Webster,Unknown,African-American,0
Mississippi,Webster,Unknown,White,0
Mississippi,Webster,Unknown,American-Indian-Alaska-Native,0
Mississippi,Webster,Unknown,Asian,0
Mississippi,Webster,Unknown,Other,0
Mississippi,Webster,Unknown,Unknown,0
Mississippi,Wilkinson,Total,NA,9
Mississippi,Wilkinson,Non-Hispanic,African-American,8
Mississippi,Wilkinson,Non-Hispanic,White,1
Mississippi,Wilkinson,Non-Hispanic,American-Indian-Alaska-Native,0
Mississippi,Wilkinson,Non-Hispanic,Asian,0
Mississippi,Wilkinson,Non-Hispanic,Other,0
Mississippi,Wilkinson,Non-Hispanic,Unknown,0
Mississippi,Wilkinson,Hispanic,African-American,0
Mississippi,Wilkinson,Hispanic,White,0
Mississippi,Wilkinson,Hispanic,American-Indian-Alaska-Native,0
Mississippi,Wilkinson,Hispanic,Asian,0
Mississippi,Wilkinson,Hispanic,Other,0
Mississippi,Wilkinson,Hispanic,Unknown,0
Mississippi,Wilkinson,Unknown,African-American,0
Mississippi,Wilkinson,Unknown,White,0
Mississippi,Wilkinson,Unknown,American-Indian-Alaska-Native,0
Mississippi,Wilkinson,Unknown,Asian,0
Mississippi,Wilkinson,Unknown,Other,0
Mississippi,Wilkinson,Unknown,Unknown,0
Mississippi,Winston,Total,NA,5
Mississippi,Winston,Non-Hispanic,African-American,4
Mississippi,Winston,Non-Hispanic,White,1
Mississippi,Winston,Non-Hispanic,American-Indian-Alaska-Native,0
Mississippi,Winston,Non-Hispanic,Asian,0
Mississippi,Winston,Non-Hispanic,Other,0
Mississippi,Winston,Non-Hispanic,Unknown,0
Mississippi,Winston,Hispanic,African-American,0
Mississippi,Winston,Hispanic,White,0
Mississippi,Winston,Hispanic,American-Indian-Alaska-Native,0
Mississippi,Winston,Hispanic,Asian,0
Mississippi,Winston,Hispanic,Other,0
Mississippi,Winston,Hispanic,Unknown,0
Mississippi,Winston,Unknown,African-American,0
Mississippi,Winston,Unknown,White,0
Mississippi,Winston,Unknown,American-Indian-Alaska-Native,0
Mississippi,Winston,Unknown,Asian,0
Mississippi,Winston,Unknown,Other,0
Mississippi,Winston,Unknown,Unknown,0
Mississippi,Yalobusha,Total,NA,7
Mississippi,Yalobusha,Non-Hispanic,African-American,2
Mississippi,Yalobusha,Non-Hispanic,White,3
Mississippi,Yalobusha,Non-Hispanic,American-Indian-Alaska-Native,0
Mississippi,Yalobusha,Non-Hispanic,Asian,0
Mississippi,Yalobusha,Non-Hispanic,Other,0
Mississippi,Yalobusha,Non-Hispanic,Unknown,0
Mississippi,Yalobusha,Hispanic,African-American,0
Mississippi,Yalobusha,Hispanic,White,1
Mississippi,Yalobusha,Hispanic,American-Indian-Alaska-Native,0
Mississippi,Yalobusha,Hispanic,Asian,0
Mississippi,Yalobusha,Hispanic,Other,0
Mississippi,Yalobusha,Hispanic,Unknown,0
Mississippi,Yalobusha,Unknown,African-American,1
Mississippi,Yalobusha,Unknown,White,0
Mississippi,Yalobusha,Unknown,American-Indian-Alaska-Native,0
Mississippi,Yalobusha,Unknown,Asian,0
Mississippi,Yalobusha,Unknown,Other,0
Mississippi,Yalobusha,Unknown,Unknown,0
Mississippi,Yazoo,Total,NA,6
Mississippi,Yazoo,Non-Hispanic,African-American,3
Mississippi,Yazoo,Non-Hispanic,White,3
Mississippi,Yazoo,Non-Hispanic,American-Indian-Alaska-Native,0
Mississippi,Yazoo,Non-Hispanic,Asian,0
Mississippi,Yazoo,Non-Hispanic,Other,0
Mississippi,Yazoo,Non-Hispanic,Unknown,0
Mississippi,Yazoo,Hispanic,African-American,0
Mississippi,Yazoo,Hispanic,White,0
Mississippi,Yazoo,Hispanic,American-Indian-Alaska-Native,0
Mississippi,Yazoo,Hispanic,Asian,0
Mississippi,Yazoo,Hispanic,Other,0
Mississippi,Yazoo,Hispanic,Unknown,0
Mississippi,Yazoo,Unknown,African-American,0
Mississippi,Yazoo,Unknown,White,0
Mississippi,Yazoo,Unknown,American-Indian-Alaska-Native,0
Mississippi,Yazoo,Unknown,Asian,0
Mississippi,Yazoo,Unknown,Other,0
Mississippi,Yazoo,Unknown,Unknown,0
